uuid,title,abstract,response
iclr_2021_0,"9th International Conference on Learning Representations, ICLR 2021, Virtual Event, Austria, May 3-7, 2021.",,No
iclr_2021_1,What Matters for On-Policy Deep Actor-Critic Methods? A Large-Scale Study.,,No
iclr_2021_2,Theoretical Analysis of Self-Training with Deep Networks on Unlabeled Data.,,No
iclr_2021_3,Learning to Reach Goals via Iterated Supervised Learning.,,No
iclr_2021_4,Deep symbolic regression: Recovering mathematical expressions from data via risk-seeking policy gradients.,,No
iclr_2021_5,Optimal Rates for Averaged Stochastic Gradient Descent under Neural Tangent Kernel Regime.,,No
iclr_2021_6,Free Lunch for Few-shot Learning: Distribution Calibration.,,No
iclr_2021_7,Scalable Learning and MAP Inference for Nonsymmetric Determinantal Point Processes.,,No
iclr_2021_8,Randomized Automatic Differentiation.,,No
iclr_2021_9,Learning Generalizable Visual Representations via Interactive Gameplay.,,No
iclr_2021_10,Global Convergence of Three-layer Neural Networks in the Mean Field Regime.,,No
iclr_2021_11,Rao-Blackwellizing the Straight-Through Gumbel-Softmax Gradient Estimator.,,No
iclr_2021_12,Rethinking Attention with Performers.,,No
iclr_2021_13,Getting a CLUE: A Method for Explaining Uncertainty Estimates.,,No
iclr_2021_14,When Do Curricula Work?,,No
iclr_2021_15,Federated Learning Based on Dynamic Regularization.,,No
iclr_2021_16,Geometry-aware Instance-reweighted Adversarial Training.,,No
iclr_2021_17,Co-Mixup: Saliency Guided Joint Mixup with Supermodular Diversity.,,No
iclr_2021_18,SenSeI: Sensitive Set Invariance for Enforcing Individual Fairness.,,No
iclr_2021_19,End-to-end Adversarial Text-to-Speech.,,No
iclr_2021_20,Dataset Condensation with Gradient Matching.,,No
iclr_2021_21,Rethinking Architecture Selection in Differentiable NAS.,,No
iclr_2021_22,A Distributional Approach to Controlled Text Generation.,,No
iclr_2021_23,Learning Cross-Domain Correspondence for Control with Dynamics Cycle-Consistency.,,No
iclr_2021_24,Human-Level Performance in No-Press Diplomacy via Equilibrium Search.,,No
iclr_2021_25,Parrot: Data-Driven Behavioral Priors for Reinforcement Learning.,,No
iclr_2021_26,Learning Invariant Representations for Reinforcement Learning without Reconstruction.,,No
iclr_2021_27,Do 2D GANs Know 3D Shape? Unsupervised 3D Shape Reconstruction from 2D Image GANs.,,No
iclr_2021_28,VCNet and Functional Targeted Regularization For Learning Causal Effects of Continuous Treatments.,,No
iclr_2021_29,Rethinking the Role of Gradient-based Attribution Methods for Model Interpretability.,,No
iclr_2021_30,Neural Synthesis of Binaural Speech From Mono Audio.,,No
iclr_2021_31,DiffWave: A Versatile Diffusion Model for Audio Synthesis.,,No
iclr_2021_32,An Image is Worth 16x16 Words: Transformers for Image Recognition at Scale.,,No
iclr_2021_33,On the mapping between Hopfield networks and Restricted Boltzmann Machines.,,No
iclr_2021_34,SMiRL: Surprise Minimizing Reinforcement Learning in Unstable Environments.,,No
iclr_2021_35,Evolving Reinforcement Learning Algorithms.,,No
iclr_2021_36,Growing Efficient Deep Networks by Structured Continuous Sparsification.,,No
iclr_2021_37,Deformable DETR: Deformable Transformers for End-to-End Object Detection.,,No
iclr_2021_38,EigenGame: PCA as a Nash Equilibrium.,,No
iclr_2021_39,Augmenting Physical Models with Deep Networks for Complex Dynamics Forecasting.,,No
iclr_2021_40,Complex Query Answering with Neural Link Predictors.,,No
iclr_2021_41,Towards Nonlinear Disentanglement in Natural Data with Temporal Sparse Coding.,,No
iclr_2021_42,Self-training For Few-shot Transfer Across Extreme Task Differences.,,No
iclr_2021_43,Score-Based Generative Modeling through Stochastic Differential Equations.,,No
iclr_2021_44,Share or Not? Learning to Schedule Language-Specific Capacity for Multilingual Translation.,,No
iclr_2021_45,Image GANs meet Differentiable Rendering for Inverse Graphics and Interpretable 3D Neural Rendering.,,No
iclr_2021_46,How Neural Networks Extrapolate: From Feedforward to Graph Neural Networks.,,No
iclr_2021_47,Contrastive Explanations for Reinforcement Learning via Embedded Self Predictions.,,No
iclr_2021_48,Improved Autoregressive Modeling with Distribution Smoothing.,,No
iclr_2021_49,MONGOOSE: A Learnable LSH Framework for Efficient Neural Network Training.,,No
iclr_2021_50,Gradient Projection Memory for Continual Learning.,,No
iclr_2021_51,Why Are Convolutional Nets More Sample-Efficient than Fully-Connected Nets?,,No
iclr_2021_52,Iterated learning for emergent systematicity in VQA.,,No
iclr_2021_53,Coupled Oscillatory Recurrent Neural Network (coRNN): An accurate and (gradient) stable architecture for learning long time dependencies.,,No
iclr_2021_54,Sparse Quantized Spectral Clustering.,,No
iclr_2021_55,Graph-Based Continual Learning.,,No
iclr_2021_56,Dynamic Tensor Rematerialization.,,No
iclr_2021_57,Gradient Vaccine: Investigating and Improving Multi-task Optimization in Massively Multilingual Models.,,No
iclr_2021_58,CPT: Efficient Deep Neural Network Training via Cyclic Precision.,,No
iclr_2021_59,Learning a Latent Simplex in Input Sparsity Time.,,No
iclr_2021_60,Expressive Power of Invariant and Equivariant Graph Neural Networks.,,No
iclr_2021_61,Discovering a set of policies for the worst case reward.,,No
iclr_2021_62,Model-Based Visual Planning with Self-Supervised Functional Distances.,,No
iclr_2021_63,Noise against noise: stochastic label noise helps combat inherent label noise.,,No
iclr_2021_64,Contrastive Behavioral Similarity Embeddings for Generalization in Reinforcement Learning.,,No
iclr_2021_65,VAEBM: A Symbiosis between Variational Autoencoders and Energy-based Models.,,No
iclr_2021_66,Geometry-Aware Gradient Algorithms for Neural Architecture Search.,,No
iclr_2021_67,Learning-based Support Estimation in Sublinear Time.,,No
iclr_2021_68,Deciphering and Optimizing Multi-Task Learning: a Random Matrix Approach.,,No
iclr_2021_69,Autoregressive Entity Retrieval.,,No
iclr_2021_70,Systematic generalisation with group invariant predictions.,,No
iclr_2021_71,Iterative Empirical Game Solving via Single Policy Best Response.,,No
iclr_2021_72,Understanding the role of importance weighting for deep learning.,,No
iclr_2021_73,Long-tail learning via logit adjustment.,,No
iclr_2021_74,DDPNOpt: Differential Dynamic Programming Neural Optimizer.,,No
iclr_2021_75,Learning with Feature-Dependent Label Noise: A Progressive Approach.,,No
iclr_2021_76,Information Laundering for Model Privacy.,,No
iclr_2021_77,Mutual Information State Intrinsic Control.,,No
iclr_2021_78,Benefit of deep learning with non-convex noisy gradient descent: Provable excess risk bound and superiority to kernel methods.,,No
iclr_2021_79,How Does Mixup Help With Robustness and Generalization?,,No
iclr_2021_80,Dataset Inference: Ownership Resolution in Machine Learning.,,No
iclr_2021_81,Individually Fair Gradient Boosting.,,No
iclr_2021_82,Large Scale Image Completion via Co-Modulated Generative Adversarial Networks.,,No
iclr_2021_83,Self-Supervised Policy Adaptation during Deployment.,,No
iclr_2021_84,Sharpness-aware Minimization for Efficiently Improving Generalization.,,No
iclr_2021_85,PMI-Masking: Principled masking of correlated spans.,,No
iclr_2021_86,Very Deep VAEs Generalize Autoregressive Models and Can Outperform Them on Images.,,No
iclr_2021_87,Data-Efficient Reinforcement Learning with Self-Predictive Representations.,,No
iclr_2021_88,Watch-And-Help: A Challenge for Social Perception and Human-AI Collaboration.,,No
iclr_2021_89,A Good Image Generator Is What You Need for High-Resolution Video Synthesis.,,No
iclr_2021_90,UPDeT: Universal Multi-agent RL via Policy Decoupling with Transformers.,,No
iclr_2021_91,BUSTLE: Bottom-Up Program Synthesis Through Learning-Guided Exploration.,,No
iclr_2021_92,Improving Adversarial Robustness via Channel-wise Activation Suppressing.,,No
iclr_2021_93,What are the Statistical Limits of Offline RL with Linear Function Approximation?,,No
iclr_2021_94,Unlearnable Examples: Making Personal Data Unexploitable.,,No
iclr_2021_95,Learning Mesh-Based Simulation with Graph Networks.,,No
iclr_2021_96,Locally Free Weight Sharing for Network Width Search.,,No
iclr_2021_97,Graph Convolution with Low-rank Learnable Local Filters.,,No
iclr_2021_98,Regularized Inverse Reinforcement Learning.,,No
iclr_2021_99,Interpreting Graph Neural Networks for NLP With Differentiable Edge Masking.,,No
iclr_2021_100,Deep Neural Network Fingerprinting by Conferrable Adversarial Examples.,,No
iclr_2021_101,Tent: Fully Test-Time Adaptation by Entropy Minimization.,,No
iclr_2021_102,"GAN ""Steerability"" without optimization.",,No
iclr_2021_103,Contrastive Divergence Learning is a Time Reversal Adversarial Game.,,No
iclr_2021_104,Topology-Aware Segmentation Using Discrete Morse Theory.,,No
iclr_2021_105,Are Neural Rankers still Outperformed by Gradient Boosted Decision Trees?,,No
iclr_2021_106,Predicting Infectiousness for Proactive Contact Tracing.,,No
iclr_2021_107,Regularization Matters in Policy Optimization - An Empirical Study on Continuous Control.,,No
iclr_2021_108,Minimum Width for Universal Approximation.,,No
iclr_2021_109,Towards Robustness Against Natural Language Word Substitutions.,,No
iclr_2021_110,On the Theory of Implicit Deep Learning: Global Convergence with Implicit Layers.,,No
iclr_2021_111,Structured Prediction as Translation between Augmented Natural Languages.,,No
iclr_2021_112,How Benign is Benign Overfitting ?,,No
iclr_2021_113,Correcting experience replay for multi-agent communication.,,No
iclr_2021_114,Emergent Symbols through Binding in External Memory.,,No
iclr_2021_115,Influence Estimation for Generative Adversarial Networks.,,No
iclr_2021_116,PlasticineLab: A Soft-Body Manipulation Benchmark with Differentiable Physics.,,No
iclr_2021_117,Implicit Normalizing Flows.,,No
iclr_2021_118,Support-set bottlenecks for video-text representation learning.,,No
iclr_2021_119,Winning the L2RPN Challenge: Power Grid Management via Semi-Markov Afterstate Actor-Critic.,,No
iclr_2021_120,"Learning Incompressible Fluid Dynamics from Scratch - Towards Fast, Differentiable Fluid Models that Generalize.",,No
iclr_2021_121,The Traveling Observer Model: Multi-task Learning Through Spatial Variable Embeddings.,,No
iclr_2021_122,Grounded Language Learning Fast and Slow.,,No
iclr_2021_123,Long-tailed Recognition by Routing Diverse Distribution-Aware Experts.,,No
iclr_2021_124,Differentially Private Learning Needs Better Features (or Much More Data).,,No
iclr_2021_125,Unsupervised Object Keypoint Learning using Local Spatial Predictability.,,No
iclr_2021_126,On Statistical Bias In Active Learning: How and When to Fix It.,,No
iclr_2021_127,Implicit Convex Regularizers of CNN Architectures: Convex Optimization of Two- and Three-Layer Networks in Polynomial Time.,,No
iclr_2021_128,Generalization in data-driven models of primary visual cortex.,,No
iclr_2021_129,Mathematical Reasoning via Self-supervised Skip-tree Training.,,No
iclr_2021_130,Beyond Fully-Connected Layers with Quaternions: Parameterization of Hypercomplex Multiplications with 1/n Parameters.,,No
iclr_2021_131,Distributional Sliced-Wasserstein and Applications to Generative Modeling.,,No
iclr_2021_132,Async-RED: A Provably Convergent Asynchronous Block Parallel Stochastic Method using Deep Denoising Priors.,,No
iclr_2021_133,DeepAveragers: Offline Reinforcement Learning By Solving Derived Non-Parametric MDPs.,,No
iclr_2021_134,Learning from Protein Structure with Geometric Vector Perceptrons.,,No
iclr_2021_135,Behavioral Cloning from Noisy Demonstrations.,,No
iclr_2021_136,Undistillable: Making A Nasty Teacher That CANNOT teach students.,,No
iclr_2021_137,Multivariate Probabilistic Time Series Forecasting via Conditioned Normalizing Flows.,,No
iclr_2021_138,Image Augmentation Is All You Need: Regularizing Deep Reinforcement Learning from Pixels.,,No
iclr_2021_139,HW-NAS-Bench: Hardware-Aware Neural Architecture Search Benchmark.,,No
iclr_2021_140,Practical Real Time Recurrent Learning with a Sparse Approximation.,,No
iclr_2021_141,Random Feature Attention.,,No
iclr_2021_142,A Gradient Flow Framework For Analyzing Network Pruning.,,No
iclr_2021_143,Recurrent Independent Mechanisms.,,No
iclr_2021_144,The Intrinsic Dimension of Images and Its Impact on Learning.,,No
iclr_2021_145,Uncertainty Sets for Image Classifiers using Conformal Prediction.,,No
iclr_2021_146,Sequential Density Ratio Estimation for Simultaneous Optimization of Speed and Accuracy.,,No
iclr_2021_147,Disentangled Recurrent Wasserstein Autoencoder.,,No
iclr_2021_148,Generalization bounds via distillation.,,No
iclr_2021_149,Neural Approximate Sufficient Statistics for Implicit Models.,,No
iclr_2021_150,"A Panda? No, It's a Sloth: Slowdown Attacks on Adaptive Multi-Exit Neural Network Inference.",,No
iclr_2021_151,Orthogonalizing Convolutional Layers with the Cayley Transform.,,No
iclr_2021_152,LambdaNetworks: Modeling long-range Interactions without Attention.,,No
iclr_2021_153,Mind the Pad - CNNs Can Develop Blind Spots.,,No
iclr_2021_154,Meta-GMVAE: Mixture of Gaussian VAE for Unsupervised Meta-Learning.,,No
iclr_2021_155,Fast Geometric Projections for Local Robustness Certification.,,No
iclr_2021_156,Fidelity-based Deep Adiabatic Scheduling.,,No
iclr_2021_157,On Self-Supervised Image Representations for GAN Evaluation.,,No
iclr_2021_158,Retrieval-Augmented Generation for Code Summarization via Hybrid GNN.,,No
iclr_2021_159,Self-supervised Visual Reinforcement Learning with Object-centric Representations.,,No
iclr_2021_160,Identifying nonlinear dynamical systems with multiple time scales and long-range dependencies.,,No
iclr_2021_161,Neural Topic Model via Optimal Transport.,,No
iclr_2021_162,Memory Optimization for Deep Networks.,,No
iclr_2021_163,Stabilized Medical Image Attacks.,,No
iclr_2021_164,Quantifying Differences in Reward Functions.,,No
iclr_2021_165,MARS: Markov Molecular Sampling for Multi-objective Drug Discovery.,,No
iclr_2021_166,Gauge Equivariant Mesh CNNs: Anisotropic convolutions on geometric graphs.,,No
iclr_2021_167,RMSprop converges with proper hyper-parameter.,,No
iclr_2021_168,Revisiting Dynamic Convolution via Matrix Decomposition.,,No
iclr_2021_169,Explainable Deep One-Class Classification.,,No
iclr_2021_170,Taking Notes on the Fly Helps Language Pre-Training.,,No
iclr_2021_171,Mixed-Features Vectors and Subspace Splitting.,,No
iclr_2021_172,Neural Pruning via Growing Regularization.,,No
iclr_2021_173,Practical Massively Parallel Monte-Carlo Tree Search Applied to Molecular Design.,,No
iclr_2021_174,Empirical Analysis of Unlabeled Entity Problem in Named Entity Recognition.,,No
iclr_2021_175,Deep Networks and the Multiple Manifold Problem.,,No
iclr_2021_176,Knowledge distillation via softmax regression representation learning.,,No
iclr_2021_177,Nearest Neighbor Machine Translation.,,No
iclr_2021_178,WrapNet: Neural Net Inference with Ultra-Low-Precision Arithmetic.,,No
iclr_2021_179,Wandering within a world: Online contextualized few-shot learning.,,No
iclr_2021_180,"Few-Shot Learning via Learning the Representation, Provably.",,No
iclr_2021_181,AdaGCN: Adaboosting Graph Convolutional Networks into Deep Models.,,No
iclr_2021_182,"MultiModalQA: complex question answering over text, tables and images.",,No
iclr_2021_183,Net-DNF: Effective Deep Modeling of Tabular Data.,,No
iclr_2021_184,Optimal Regularization can Mitigate Double Descent.,,No
iclr_2021_185,Meta Back-Translation.,,No
iclr_2021_186,Learning A Minimax Optimizer: A Pilot Study.,,No
iclr_2021_187,A Wigner-Eckart Theorem for Group Equivariant Convolution Kernels.,,No
iclr_2021_188,Viewmaker Networks: Learning Views for Unsupervised Representation Learning.,,No
iclr_2021_189,Scalable Transfer Learning with Expert Models.,,No
iclr_2021_190,Negative Data Augmentation.,,No
iclr_2021_191,Fantastic Four: Differentiable and Efficient Bounds on Singular Values of Convolution Layers.,,No
iclr_2021_192,CoDA: Contrast-enhanced and Diversity-promoting Data Augmentation for Natural Language Understanding.,,No
iclr_2021_193,Teaching with Commentaries.,,No
iclr_2021_194,MixKD: Towards Efficient Distillation of Large-scale Language Models.,,No
iclr_2021_195,FairFil: Contrastive Neural Debiasing Method for Pretrained Text Encoders.,,No
iclr_2021_196,Probabilistic Numeric Convolutional Neural Networks.,,No
iclr_2021_197,Computational Separation Between Convolutional and Fully-Connected Networks.,,No
iclr_2021_198,"On the Stability of Fine-tuning BERT: Misconceptions, Explanations, and Strong Baselines.",,No
iclr_2021_199,Variational Information Bottleneck for Effective Low-Resource Fine-Tuning.,,No
iclr_2021_200,Witches' Brew: Industrial Scale Data Poisoning via Gradient Matching.,,No
iclr_2021_201,Deberta: decoding-Enhanced Bert with Disentangled Attention.,,No
iclr_2021_202,Optimism in Reinforcement Learning with Generalized Linear Function Approximation.,,No
iclr_2021_203,Graph Traversal with Tensor Functionals: A Meta-Algorithm for Scalable Learning.,,No
iclr_2021_204,Diverse Video Generation using a Gaussian Process Trigger.,,No
iclr_2021_205,"Signatory: differentiable computations of the signature and logsignature transforms, on both CPU and GPU.",,No
iclr_2021_206,MoPro: Webly Supervised Learning with Momentum Prototypes.,,No
iclr_2021_207,A Universal Representation Transformer Layer for Few-Shot Image Classification.,,No
iclr_2021_208,Primal Wasserstein Imitation Learning.,,No
iclr_2021_209,Learning perturbation sets for robust machine learning.,,No
iclr_2021_210,CopulaGNN: Towards Integrating Representational and Correlational Roles of Graphs in Graph Neural Networks.,,No
iclr_2021_211,On the Critical Role of Conventions in Adaptive Human-AI Collaboration.,,No
iclr_2021_212,On the Bottleneck of Graph Neural Networks and its Practical Implications.,,No
iclr_2021_213,The geometry of integration in text classification RNNs.,,No
iclr_2021_214,Gradient Descent on Neural Networks Typically Occurs at the Edge of Stability.,,No
iclr_2021_215,CausalWorld: A Robotic Manipulation Benchmark for Causal Structure and Transfer Learning.,,No
iclr_2021_216,Empirical or Invariant Risk Minimization? A Sample Complexity Perspective.,,No
iclr_2021_217,Scaling Symbolic Methods using Gradients for Neural Model Explanation.,,No
iclr_2021_218,Control-Aware Representations for Model-based Reinforcement Learning.,,No
iclr_2021_219,C-Learning: Learning to Achieve Goals via Recursive Classification.,,No
iclr_2021_220,The Deep Bootstrap Framework: Good Online Learners are Good Offline Generalizers.,,No
iclr_2021_221,Improving VAEs' Robustness to Adversarial Attack.,,No
iclr_2021_222,What Can You Learn From Your Muscles? Learning Visual Representation from Human Interactions.,,No
iclr_2021_223,EEC: Learning to Encode and Regenerate Images for Continual Learning.,,No
iclr_2021_224,Impact of Representation Learning in Linear Bandits.,,No
iclr_2021_225,MODALS: Modality-agnostic Automated Data Augmentation in the Latent Space.,,No
iclr_2021_226,The Recurrent Neural Tangent Kernel.,,No
iclr_2021_227,Projected Latent Markov Chain Monte Carlo: Conditional Sampling of Normalizing Flows.,,No
iclr_2021_228,Learning the Pareto Front with Hypernetworks.,,No
iclr_2021_229,Estimating and Evaluating Regression Predictive Uncertainty in Deep Object Detectors.,,No
iclr_2021_230,Predicting Classification Accuracy When Adding New Unobserved Classes.,,No
iclr_2021_231,BRECQ: Pushing the Limit of Post-Training Quantization by Block Reconstruction.,,No
iclr_2021_232,No MCMC for me: Amortized sampling for fast and stable training of energy-based models.,,No
iclr_2021_233,GraphCodeBERT: Pre-training Code Representations with Data Flow.,,No
iclr_2021_234,Conservative Safety Critics for Exploration.,,No
iclr_2021_235,Improve Object Detection with Feature-based Knowledge Distillation: Towards Accurate and Efficient Detectors.,,No
iclr_2021_236,A Temporal Kernel Approach for Deep Learning with Continuous-time Information.,,No
iclr_2021_237,"For self-supervised learning, Rationality implies generalization, provably.",,No
iclr_2021_238,How to Find Your Friendly Neighborhood: Graph Attention Design with Self-Supervision.,,No
iclr_2021_239,Interpretable Models for Granger Causality Using Self-explaining Neural Networks.,,No
iclr_2021_240,Meta-learning Symmetries by Reparameterization.,,No
iclr_2021_241,Removing Undesirable Feature Contributions Using Out-of-Distribution Data.,,No
iclr_2021_242,Mind the Gap when Conditioning Amortised Inference in Sequential Latent-Variable Models.,,No
iclr_2021_243,On the Universality of the Double Descent Peak in Ridgeless Regression.,,No
iclr_2021_244,Fair Mixup: Fairness via Interpolation.,,No
iclr_2021_245,Self-supervised Learning from a Multi-view Perspective.,,No
iclr_2021_246,Integrating Categorical Semantics into Unsupervised Domain Translation.,,No
iclr_2021_247,The Unreasonable Effectiveness of Patches in Deep Convolutional Kernels Methods.,,No
iclr_2021_248,Open Question Answering over Tables and Text.,,No
iclr_2021_249,Evaluation of Similarity-based Explanations.,,No
iclr_2021_250,A Diffusion Theory For Deep Learning Dynamics: Stochastic Gradient Descent Exponentially Favors Flat Minima.,,No
iclr_2021_251,How Much Over-parameterization Is Sufficient to Learn Deep ReLU Networks?,,No
iclr_2021_252,Auction Learning as a Two-Player Game.,,No
iclr_2021_253,Robust Reinforcement Learning on State Observations with Learned Optimal Adversary.,,No
iclr_2021_254,Optimizing Memory Placement using Evolutionary Graph Reinforcement Learning.,,No
iclr_2021_255,Hierarchical Autoregressive Modeling for Neural Video Compression.,,No
iclr_2021_256,Individually Fair Rankings.,,No
iclr_2021_257,Learning Neural Generative Dynamics for Molecular Conformation Generation.,,No
iclr_2021_258,Efficient Certified Defenses Against Patch Attacks on Image Classifiers.,,No
iclr_2021_259,Convex Regularization behind Neural Reconstruction.,,No
iclr_2021_260,Targeted Attack against Deep Neural Networks via Flipping Limited Weight Bits.,,No
iclr_2021_261,Generalized Multimodal ELBO.,,No
iclr_2021_262,Large-width functional asymptotics for deep Gaussian neural networks.,,No
iclr_2021_263,Distributed Momentum for Byzantine-resilient Stochastic Gradient Descent.,,No
iclr_2021_264,Fully Unsupervised Diversity Denoising with Convolutional Variational Autoencoders.,,No
iclr_2021_265,Auxiliary Learning by Implicit Differentiation.,,No
iclr_2021_266,Balancing Constraints and Rewards with Meta-Gradient D4PG.,,No
iclr_2021_267,Adversarially Guided Actor-Critic.,,No
iclr_2021_268,DARTS-: Robustly Stepping out of Performance Collapse Without Indicators.,,No
iclr_2021_269,Are wider nets better given the same number of parameters?,,No
iclr_2021_270,Optimal Conversion of Conventional Artificial Neural Networks to Spiking Neural Networks.,,No
iclr_2021_271,Deep Equals Shallow for ReLU Networks in Kernel Regimes.,,No
iclr_2021_272,Graph Coarsening with Neural Networks.,,No
iclr_2021_273,Early Stopping in Deep Networks: Double Descent and How to Eliminate it.,,No
iclr_2021_274,Efficient Inference of Flexible Interaction in Spiking-neuron Networks.,,No
iclr_2021_275,DICE: Diversity in Deep Ensembles via Conditional Redundancy Adversarial Estimation.,,No
iclr_2021_276,Inductive Representation Learning in Temporal Networks via Causal Anonymous Walks.,,No
iclr_2021_277,FairBatch: Batch Selection for Model Fairness.,,No
iclr_2021_278,Representation Balancing Offline Model-based Reinforcement Learning.,,No
iclr_2021_279,Accelerating Convergence of Replica Exchange Stochastic Gradient MCMC via Variance Reduction.,,No
iclr_2021_280,The Importance of Pessimism in Fixed-Dataset Policy Optimization.,,No
iclr_2021_281,Interpreting Knowledge Graph Relation Representation from Word Embeddings.,,No
iclr_2021_282,Hopfield Networks is All You Need.,,No
iclr_2021_283,Uncertainty Estimation and Calibration with Finite-State Probabilistic RNNs.,,No
iclr_2021_284,Understanding the failure modes of out-of-distribution generalization.,,No
iclr_2021_285,Generative Language-Grounded Policy in Vision-and-Language Navigation with Bayes' Rule.,,No
iclr_2021_286,Emergent Road Rules In Multi-Agent Driving Environments.,,No
iclr_2021_287,Wasserstein-2 Generative Networks.,,No
iclr_2021_288,Vulnerability-Aware Poisoning Mechanism for Online RL with Unknown Dynamics.,,No
iclr_2021_289,Tomographic Auto-Encoder: Unsupervised Bayesian Recovery of Corrupted Data.,,No
iclr_2021_290,Monotonic Kronecker-Factored Lattice.,,No
iclr_2021_291,LEAF: A Learnable Frontend for Audio Classification.,,No
iclr_2021_292,Federated Learning via Posterior Averaging: A New Perspective and Practical Algorithms.,,No
iclr_2021_293,Rank the Episodes: A Simple Approach for Exploration in Procedurally-Generated Environments.,,No
iclr_2021_294,Partitioned Learned Bloom Filters.,,No
iclr_2021_295,Approximate Nearest Neighbor Negative Contrastive Learning for Dense Text Retrieval.,,No
iclr_2021_296,"Auxiliary Task Update Decomposition: the Good, the Bad and the neutral.",,No
iclr_2021_297,SSD: A Unified Framework for Self-Supervised Outlier Detection.,,No
iclr_2021_298,Ask Your Humans: Using Human Instructions to Improve Generalization in Reinforcement Learning.,,No
iclr_2021_299,Revisiting Few-sample BERT Fine-tuning.,,No
iclr_2021_300,Tilted Empirical Risk Minimization.,,No
iclr_2021_301,Deep Neural Tangent Kernel and Laplace Kernel Have the Same RKHS.,,No
iclr_2021_302,On the Transfer of Disentangled Representations in Realistic Settings.,,No
iclr_2021_303,Calibration tests beyond classification.,,No
iclr_2021_304,Overparameterisation and worst-case generalisation: friend or foe?,,No
iclr_2021_305,You Only Need Adversarial Supervision for Semantic Image Synthesis.,,No
iclr_2021_306,Learning to Recombine and Resample Data For Compositional Generalization.,,No
iclr_2021_307,A Critique of Self-Expressive Deep Subspace Clustering.,,No
iclr_2021_308,INT: An Inequality Benchmark for Evaluating Generalization in Theorem Proving.,,No
iclr_2021_309,Improved Estimation of Concentration Under ℓp-Norm Distance Metrics Using Half Spaces.,,No
iclr_2021_310,Adaptive Federated Optimization.,,No
iclr_2021_311,On the Dynamics of Training Attention Models.,,No
iclr_2021_312,Linear Convergent Decentralized Optimization with Compression.,,No
iclr_2021_313,Efficient Transformers in Reinforcement Learning using Actor-Learner Distillation.,,No
iclr_2021_314,Large Associative Memory Problem in Neurobiology and Machine Learning.,,No
iclr_2021_315,Protecting DNNs from Theft using an Ensemble of Diverse Models.,,No
iclr_2021_316,Proximal Gradient Descent-Ascent: Variable Convergence under KŁ Geometry.,,No
iclr_2021_317,Contextual Dropout: An Efficient Sample-Dependent Dropout Module.,,No
iclr_2021_318,Mirostat: a Neural Text decoding Algorithm that directly controls perplexity.,,No
iclr_2021_319,DialoGraph: Incorporating Interpretable Strategy-Graph Networks into Negotiation Dialogues.,,No
iclr_2021_320,Multi-Time Attention Networks for Irregularly Sampled Time Series.,,No
iclr_2021_321,Learning Energy-Based Generative Models via Coarse-to-Fine Expanding and Sampling.,,No
iclr_2021_322,Unsupervised Audiovisual Synthesis via Exemplar Autoencoders.,,No
iclr_2021_323,A Learning Theoretic Perspective on Local Explainability.,,No
iclr_2021_324,SEED: Self-supervised Distillation For Visual Representation.,,No
iclr_2021_325,Isometric Propagation Network for Generalized Zero-shot Learning.,,No
iclr_2021_326,Effective and Efficient Vote Attack on Capsule Networks.,,No
iclr_2021_327,Heteroskedastic and Imbalanced Deep Learning with Adaptive Regularization.,,No
iclr_2021_328,Continuous Wasserstein-2 Barycenter Estimation without Minimax Optimization.,,No
iclr_2021_329,Neural Thompson Sampling.,,No
iclr_2021_330,Neural Mechanics: Symmetry and Broken Conservation Laws in Deep Learning Dynamics.,,No
iclr_2021_331,Neural gradients are near-lognormal: improved quantized and sparse training.,,No
iclr_2021_332,RODE: Learning Roles to Decompose Multi-Agent Tasks.,,No
iclr_2021_333,Revisiting Hierarchical Approach for Persistent Long-Term Video Prediction.,,No
iclr_2021_334,"Physics-aware, probabilistic model order reduction with guaranteed stability.",,No
iclr_2021_335,Modelling Hierarchical Structure between Dialogue Policy and Natural Language Generator with Option Framework for Task-oriented Dialogue System.,,No
iclr_2021_336,Learning explanations that are hard to vary.,,No
iclr_2021_337,Efficient Generalized Spherical CNNs.,,No
iclr_2021_338,Collective Robustness Certificates: Exploiting Interdependence in Graph Neural Networks.,,No
iclr_2021_339,Entropic gradient descent algorithms and wide flat minima.,,No
iclr_2021_340,Achieving Linear Speedup with Partial Worker Participation in Non-IID Federated Learning.,,No
iclr_2021_341,Categorical Normalizing Flows via Continuous Transformations.,,No
iclr_2021_342,Learning to Represent Action Values as a Hypergraph on the Action Vertices.,,No
iclr_2021_343,Debiasing Concept-based Explanations with Causal Analysis.,,No
iclr_2021_344,Lifelong Learning of Compositional Structures.,,No
iclr_2021_345,Rethinking Embedding Coupling in Pre-trained Language Models.,,No
iclr_2021_346,Creative Sketch Generation.,,No
iclr_2021_347,Concept Learners for Few-Shot Learning.,,No
iclr_2021_348,Domain Generalization with MixStyle.,,No
iclr_2021_349,DeLighT: Deep and Light-weight Transformer.,,No
iclr_2021_350,Single-Timescale Actor-Critic Provably Finds Globally Optimal Policy.,,No
iclr_2021_351,Mastering Atari with Discrete World Models.,,No
iclr_2021_352,Learning Neural Event Functions for Ordinary Differential Equations.,,No
iclr_2021_353,Contemplating Real-World Object Classification.,,No
iclr_2021_354,Neural Spatio-Temporal Point Processes.,,No
iclr_2021_355,Generative Time-series Modeling with Fourier Flows.,,No
iclr_2021_356,DOP: Off-Policy Multi-Agent Decomposed Policy Gradients.,,No
iclr_2021_357,The Risks of Invariant Risk Minimization.,,No
iclr_2021_358,DynaTune: Dynamic Tensor Program Optimization in Deep Neural Network Compilation.,,No
iclr_2021_359,Bag of Tricks for Adversarial Training.,,No
iclr_2021_360,Learning with Instance-Dependent Label Noise: A Sample Sieve Approach.,,No
iclr_2021_361,Efficient Reinforcement Learning in Factored MDPs with Application to Constrained RL.,,No
iclr_2021_362,Unbiased Teacher for Semi-Supervised Object Detection.,,No
iclr_2021_363,Neural Attention Distillation: Erasing Backdoor Triggers from Deep Neural Networks.,,No
iclr_2021_364,Contrastive Learning with Adversarial Perturbations for Conditional Text Generation.,,No
iclr_2021_365,When Optimizing f-Divergence is Robust with Label Noise.,,No
iclr_2021_366,Conditional Generative Modeling via Learning the Latent Space.,,No
iclr_2021_367,Text Generation by Learning from Demonstrations.,,No
iclr_2021_368,Learning Long-term Visual Dynamics with Region Proposal Interaction Networks.,,No
iclr_2021_369,ChipNet: Budget-Aware Pruning with Heaviside Continuous Approximations.,,No
iclr_2021_370,Learning to Deceive Knowledge Graph Augmented Models via Targeted Perturbation.,,No
iclr_2021_371,IEPT: Instance-Level and Episode-Level Pretext Tasks for Few-Shot Learning.,,No
iclr_2021_372,The Role of Momentum Parameters in the Optimal Convergence of Adaptive Polyak's Heavy-ball Methods.,,No
iclr_2021_373,Training with Quantization Noise for Extreme Model Compression.,,No
iclr_2021_374,Adaptive Extra-Gradient Methods for Min-Max Optimization and Games.,,No
iclr_2021_375,Distilling Knowledge from Reader to Retriever for Question Answering.,,No
iclr_2021_376,Discovering Diverse Multi-Agent Strategic Behavior via Reward Randomization.,,No
iclr_2021_377,not-MIWAE: Deep Generative Modelling with Missing not at Random Data.,,No
iclr_2021_378,IDF++: Analyzing and Improving Integer Discrete Flows for Lossless Compression.,,No
iclr_2021_379,Explaining by Imitating: Understanding Decisions by Interpretable Policy Learning.,,No
iclr_2021_380,Learning with AMIGo: Adversarially Motivated Intrinsic Goals.,,No
iclr_2021_381,Incorporating Symmetry into Deep Dynamics Models for Improved Generalization.,,No
iclr_2021_382,CaPC Learning: Confidential and Private Collaborative Learning.,,No
iclr_2021_383,"Heating up decision boundaries: isocapacitory saturation, adversarial scenarios and generalization bounds.",,No
iclr_2021_384,A PAC-Bayesian Approach to Generalization Bounds for Graph Neural Networks.,,No
iclr_2021_385,Clairvoyance: A Pipeline Toolkit for Medical Time Series.,,No
iclr_2021_386,Self-supervised Representation Learning with Relative Predictive Coding.,,No
iclr_2021_387,Offline Model-Based Optimization via Normalized Maximum Likelihood Estimation.,,No
iclr_2021_388,On the Impossibility of Global Convergence in Multi-Loss Optimization.,,No
iclr_2021_389,A Block Minifloat Representation for Training Deep Neural Networks.,,No
iclr_2021_390,Selectivity considered harmful: evaluating the causal impact of class selectivity in DNNs.,,No
iclr_2021_391,Discrete Graph Structure Learning for Forecasting Multiple Time Series.,,No
iclr_2021_392,Contrastive Learning with Hard Negative Samples.,,No
iclr_2021_393,Intraclass clustering: an implicit learning ability that regularizes DNNs.,,No
iclr_2021_394,Sliced Kernelized Stein Discrepancy.,,No
iclr_2021_395,Denoising Diffusion Implicit Models.,,No
iclr_2021_396,Hierarchical Reinforcement Learning by Discovering Intrinsic Options.,,No
iclr_2021_397,Answering Complex Open-Domain Questions with Multi-Hop Dense Retrieval.,,No
iclr_2021_398,Rethinking Soft Labels for Knowledge Distillation: A Bias-Variance Tradeoff Perspective.,,No
iclr_2021_399,A Design Space Study for LISTA and Beyond.,,No
iclr_2021_400,What Should Not Be Contrastive in Contrastive Learning.,,No
iclr_2021_401,Do Wide and Deep Networks Learn the Same Things? Uncovering How Neural Network Representations Vary with Width and Depth.,,No
iclr_2021_402,Learning to Set Waypoints for Audio-Visual Navigation.,,No
iclr_2021_403,Semi-supervised Keypoint Localization.,,No
iclr_2021_404,Neural Architecture Search on ImageNet in Four GPU Hours: A Theoretically Inspired Perspective.,,No
iclr_2021_405,Off-Dynamics Reinforcement Learning: Training for Transfer with Domain Classifiers.,,No
iclr_2021_406,Federated Semi-Supervised Learning with Inter-Client Consistency & Disjoint Learning.,,No
iclr_2021_407,Learning Safe Multi-agent Control with Decentralized Neural Barrier Certificates.,,No
iclr_2021_408,Direction Matters: On the Implicit Bias of Stochastic Gradient Descent with Moderate Learning Rate.,,No
iclr_2021_409,Fast And Slow Learning Of Recurrent Independent Mechanisms.,,No
iclr_2021_410,Policy-Driven Attack: Learning to Query for Hard-label Black-box Adversarial Examples.,,No
iclr_2021_411,A Mathematical Exploration of Why Language Models Help Solve Downstream Tasks.,,No
iclr_2021_412,Representation Learning for Sequence Data with Deep Autoencoding Predictive Components.,,No
iclr_2021_413,A unifying view on implicit bias in training linear neural networks.,,No
iclr_2021_414,What Makes Instance Discrimination Good for Transfer Learning?,,No
iclr_2021_415,Learning Accurate Entropy Model with Global Reference for Image Compression.,,No
iclr_2021_416,Loss Function Discovery for Object Detection via Convergence-Simulation Driven Search.,,No
iclr_2021_417,Effective Abstract Reasoning with Dual-Contrast Network.,,No
iclr_2021_418,Do not Let Privacy Overbill Utility: Gradient Embedding Perturbation for Private Learning.,,No
iclr_2021_419,Set Prediction without Imposing Structure as Conditional Density Estimation.,,No
iclr_2021_420,Clustering-friendly Representation Learning via Instance Discrimination and Feature Decorrelation.,,No
iclr_2021_421,Language-Agnostic Representation Learning of Source Code from Structure and Context.,,No
iclr_2021_422,Training GANs with Stronger Augmentations via Contrastive Discriminator.,,No
iclr_2021_423,Influence Functions in Deep Learning Are Fragile.,,No
iclr_2021_424,Separation and Concentration in Deep Networks.,,No
iclr_2021_425,Colorization Transformer.,,No
iclr_2021_426,Autoregressive Dynamics Models for Offline Policy Evaluation and Optimization.,,No
iclr_2021_427,FedBN: Federated Learning on Non-IID Features via Local Batch Normalization.,,No
iclr_2021_428,Learning Robust State Abstractions for Hidden-Parameter Block MDPs.,,No
iclr_2021_429,Meta-Learning with Neural Tangent Kernels.,,No
iclr_2021_430,Continual learning in recurrent neural networks.,,No
iclr_2021_431,A Trainable Optimal Transport Embedding for Feature Aggregation and its Relationship to Attention.,,No
iclr_2021_432,"Learning ""What-if"" Explanations for Sequential Decision-Making.",,No
iclr_2021_433,Improving Transformation Invariance in Contrastive Representation Learning.,,No
iclr_2021_434,Shapley explainability on the data manifold.,,No
iclr_2021_435,Noise or Signal: The Role of Image Backgrounds in Object Recognition.,,No
iclr_2021_436,Enjoy Your Editing: Controllable GANs for Image Editing via Latent Space Navigation.,,No
iclr_2021_437,Perceptual Adversarial Robustness: Defense Against Unseen Threat Models.,,No
iclr_2021_438,Zero-Cost Proxies for Lightweight NAS.,,No
iclr_2021_439,Usable Information and Evolution of Optimal Representations During Training.,,No
iclr_2021_440,Exploring the Uncertainty Properties of Neural Networks' Implicit Priors in the Infinite-Width Limit.,,No
iclr_2021_441,On the geometry of generalization and memorization in deep neural networks.,,No
iclr_2021_442,Deep Partition Aggregation: Provable Defenses against General Poisoning Attacks.,,No
iclr_2021_443,DC3: A learning method for optimization with hard constraints.,,No
iclr_2021_444,Is Label Smoothing Truly Incompatible with Knowledge Distillation: An Empirical Study.,,No
iclr_2021_445,Shape-Texture Debiased Neural Network Training.,,No
iclr_2021_446,Using latent space regression to analyze and leverage compositionality in GANs.,,No
iclr_2021_447,Blending MPC & Value Function Approximation for Efficient Reinforcement Learning.,,No
iclr_2021_448,Model Patching: Closing the Subgroup Performance Gap with Data Augmentation.,,No
iclr_2021_449,Non-asymptotic Confidence Intervals of Off-policy Evaluation: Primal and Dual Bounds.,,No
iclr_2021_450,Linear Mode Connectivity in Multitask and Continual Learning.,,No
iclr_2021_451,Robust and Generalizable Visual Representation Learning via Random Convolutions.,,No
iclr_2021_452,Intrinsic-Extrinsic Convolution and Pooling for Learning on 3D Protein Structures.,,No
iclr_2021_453,Variational State-Space Models for Localisation and Dense 3D Mapping in 6 DoF.,,No
iclr_2021_454,AdamP: Slowing Down the Slowdown for Momentum Optimizers on Scale-invariant Weights.,,No
iclr_2021_455,MiCE: Mixture of Contrastive Experts for Unsupervised Image Clustering.,,No
iclr_2021_456,HalentNet: Multimodal Trajectory Forecasting with Hallucinative Intents.,,No
iclr_2021_457,Model-based micro-data reinforcement learning: what are the crucial model properties and which model to choose?,,No
iclr_2021_458,Private Image Reconstruction from System Side Channels Using Generative Models.,,No
iclr_2021_459,Contextual Transformation Networks for Online Continual Learning.,,No
iclr_2021_460,A Unified Approach to Interpreting and Boosting Adversarial Transferability.,,No
iclr_2021_461,The inductive bias of ReLU networks on orthogonally separable data.,,No
iclr_2021_462,A statistical theory of cold posteriors in deep neural networks.,,No
iclr_2021_463,IOT: Instance-wise Layer Reordering for Transformer Structures.,,No
iclr_2021_464,Counterfactual Generative Networks.,,No
iclr_2021_465,Conditionally Adaptive Multi-Task Learning: Improving Transfer Learning in NLP Using Fewer Parameters & Less Data.,,No
iclr_2021_466,Towards Impartial Multi-task Learning.,,No
iclr_2021_467,Theoretical bounds on estimation error for meta-learning.,,No
iclr_2021_468,Domain-Robust Visual Imitation Learning with Mutual Information Constraints.,,No
iclr_2021_469,Unsupervised Representation Learning for Time Series with Temporal Neighborhood Coding.,,No
iclr_2021_470,Enforcing robust control guarantees within neural network policies.,,No
iclr_2021_471,Active Contrastive Learning of Audio-Visual Video Representations.,,No
iclr_2021_472,Parameter Efficient Multimodal Transformers for Video Representation Learning.,,No
iclr_2021_473,Robust Pruning at Initialization.,,No
iclr_2021_474,Efficient Wasserstein Natural Gradients for Reinforcement Learning.,,No
iclr_2021_475,Probing BERT in Hyperbolic Spaces.,,No
iclr_2021_476,On Fast Adversarial Robustness Adaptation in Model-Agnostic Meta-Learning.,,No
iclr_2021_477,Anatomy of Catastrophic Forgetting: Hidden Representations and Task Semantics.,,No
iclr_2021_478,Trusted Multi-View Classification.,,No
iclr_2021_479,i-Mix: A Domain-Agnostic Strategy for Contrastive Representation Learning.,,No
iclr_2021_480,Initialization and Regularization of Factorized Neural Layers.,,No
iclr_2021_481,Learning to Generate 3D Shapes with Generative Cellular Automata.,,No
iclr_2021_482,Self-Supervised Learning of Compressed Video Representations.,,No
iclr_2021_483,"Factorizing Declarative and Procedural Knowledge in Structured, Dynamical Environments.",,No
iclr_2021_484,"Cut out the annotator, keep the cutout: better segmentation with weak supervision.",,No
iclr_2021_485,FastSpeech 2: Fast and High-Quality End-to-End Text to Speech.,,No
iclr_2021_486,On Learning Universal Representations Across Languages.,,No
iclr_2021_487,Effective Distributed Learning with Random Features: Improved Bounds and Algorithms.,,No
iclr_2021_488,Multi-Class Uncertainty Calibration via Mutual Information Maximization-based Binning.,,No
iclr_2021_489,Neural ODE Processes.,,No
iclr_2021_490,Conformation-Guided Molecular Representation with Hamiltonian Neural Networks.,,No
iclr_2021_491,An Unsupervised Deep Learning Approach for Real-World Image Denoising.,,No
iclr_2021_492,Uncertainty in Gradient Boosting via Ensembles.,,No
iclr_2021_493,Lossless Compression of Structured Convolutional Models via Lifting.,,No
iclr_2021_494,Neural networks with late-phase weights.,,No
iclr_2021_495,Disambiguating Symbolic Expressions in Informal Documents.,,No
iclr_2021_496,Learning Parametrised Graph Shift Operators.,,No
iclr_2021_497,Efficient Conformal Prediction via Cascaded Inference with Expanded Admission.,,No
iclr_2021_498,GANs Can Play Lottery Tickets Too.,,No
iclr_2021_499,ResNet After All: Neural ODEs and Their Numerical Solution.,,No
iclr_2021_500,Semantic Re-tuning with Contrastive Tension.,,No
iclr_2021_501,Property Controllable Variational Autoencoder via Invertible Mutual Dependence.,,No
iclr_2021_502,Latent Convergent Cross Mapping.,,No
iclr_2021_503,Adaptive Universal Generalized PageRank Graph Neural Network.,,No
iclr_2021_504,Neural Learning of One-of-Many Solutions for Combinatorial Problems in Structured Output Spaces.,,No
iclr_2021_505,My Body is a Cage: the Role of Morphology in Graph-Based Incompatible Control.,,No
iclr_2021_506,FedBE: Making Bayesian Model Ensemble Applicable to Federated Learning.,,No
iclr_2021_507,MALI: A memory efficient and reverse accurate integrator for Neural ODEs.,,No
iclr_2021_508,Reducing the Computational Cost of Deep Generative Models with Binary Neural Networks.,,No
iclr_2021_509,In-N-Out: Pre-Training and Self-Training using Auxiliary Information for Out-of-Distribution Robustness.,,No
iclr_2021_510,Incremental few-shot learning via vector quantization in deep embedded space.,,No
iclr_2021_511,Contrastive Syn-to-Real Generalization.,,No
iclr_2021_512,Remembering for the Right Reasons: Explanations Reduce Catastrophic Forgetting.,,No
iclr_2021_513,Fuzzy Tiling Activations: A Simple Approach to Learning Sparse Representations Online.,,No
iclr_2021_514,High-Capacity Expert Binary Networks.,,No
iclr_2021_515,Learning What To Do by Simulating the Past.,,No
iclr_2021_516,Progressive Skeletonization: Trimming more fat from a network at initialization.,,No
iclr_2021_517,Filtered Inner Product Projection for Crosslingual Embedding Alignment.,,No
iclr_2021_518,Learning Manifold Patch-Based Representations of Man-Made Shapes.,,No
iclr_2021_519,Aligning AI With Shared Human Values.,,No
iclr_2021_520,"Kanerva++: Extending the Kanerva Machine With Differentiable, Locally Block Allocated Latent Memory.",,No
iclr_2021_521,Measuring Massive Multitask Language Understanding.,,No
iclr_2021_522,Towards Robust Neural Networks via Close-loop Control.,,No
iclr_2021_523,Statistical inference for individual fairness.,,No
iclr_2021_524,HyperGrid Transformers: Towards A Single Model for Multiple Tasks.,,No
iclr_2021_525,Greedy-GQ with Variance Reduction: Finite-time Analysis and Improved Complexity.,,No
iclr_2021_526,"On InstaHide, Phase Retrieval, and Sparse Matrix Factorization.",,No
iclr_2021_527,VA-RED2: Video Adaptive Redundancy Reduction.,,No
iclr_2021_528,SEDONA: Search for Decoupled Neural Networks toward Greedy Block-wise Learning.,,No
iclr_2021_529,ALFWorld: Aligning Text and Embodied Environments for Interactive Learning.,,No
iclr_2021_530,Learning Task Decomposition with Ordered Memory Policy Network.,,No
iclr_2021_531,Adversarially-Trained Deep Nets Transfer Better: Illustration on Image Classification.,,No
iclr_2021_532,UMEC: Unified model and embedding compression for efficient recommendation systems.,,No
iclr_2021_533,Exploring Balanced Feature Spaces for Representation Learning.,,No
iclr_2021_534,Calibration of Neural Networks using Splines.,,No
iclr_2021_535,Improving Relational Regularized Autoencoders with Spherical Sliced Fused Gromov Wasserstein.,,No
iclr_2021_536,Rethinking Positional Encoding in Language Pre-training.,,No
iclr_2021_537,Discovering Non-monotonic Autoregressive Orderings with Variational Inference.,,No
iclr_2021_538,Differentiable Trust Region Layers for Deep Reinforcement Learning.,,No
iclr_2021_539,SaliencyMix: A Saliency Guided Data Augmentation Strategy for Better Regularization.,,No
iclr_2021_540,Task-Agnostic Morphology Evolution.,,No
iclr_2021_541,Learning Associative Inference Using Fast Weight Memory.,,No
iclr_2021_542,Boost then Convolve: Gradient Boosting Meets Graph Neural Networks.,,No
iclr_2021_543,Degree-Quant: Quantization-Aware Training for Graph Neural Networks.,,No
iclr_2021_544,Network Pruning That Matters: A Case Study on Retraining Variants.,,No
iclr_2021_545,Auto Seg-Loss: Searching Metric Surrogates for Semantic Segmentation.,,No
iclr_2021_546,Differentiable Segmentation of Sequences.,,No
iclr_2021_547,Grounding Physical Concepts of Objects and Events Through Dynamic Visual Reasoning.,,No
iclr_2021_548,Learning Deep Features in Instrumental Variable Regression.,,No
iclr_2021_549,Online Adversarial Purification based on Self-supervised Learning.,,No
iclr_2021_550,Graph Information Bottleneck for Subgraph Recognition.,,No
iclr_2021_551,In Search of Lost Domain Generalization.,,No
iclr_2021_552,Robust Curriculum Learning: from clean label detection to noisy label self-correction.,,No
iclr_2021_553,Cross-Attentional Audio-Visual Fusion for Weakly-Supervised Action Localization.,,No
iclr_2021_554,CoCon: A Self-Supervised Approach for Controlled Text Generation.,,No
iclr_2021_555,Group Equivariant Generative Adversarial Networks.,,No
iclr_2021_556,What they do when in doubt: a study of inductive biases in seq2seq learners.,,No
iclr_2021_557,A teacher-student framework to distill future trajectories.,,No
iclr_2021_558,Learning a Latent Search Space for Routing Problems using Variational Autoencoders.,,No
iclr_2021_559,Universal approximation power of deep residual neural networks via nonlinear control theory.,,No
iclr_2021_560,On the Universality of Rotation Equivariant Point Cloud Networks.,,No
iclr_2021_561,CT-Net: Channel Tensorization Network for Video Classification.,,No
iclr_2021_562,Learning to live with Dale's principle: ANNs with separate excitatory and inhibitory units.,,No
iclr_2021_563,Uncertainty Estimation in Autoregressive Structured Prediction.,,No
iclr_2021_564,Transformer protein language models are unsupervised structure learners.,,No
iclr_2021_565,ANOCE: Analysis of Causal Effects with Multiple Mediators via Constrained Structural Learning.,,No
iclr_2021_566,Plan-Based Relaxed Reward Shaping for Goal-Directed Tasks.,,No
iclr_2021_567,CcGAN: Continuous Conditional Generative Adversarial Networks for Image Generation.,,No
iclr_2021_568,Single-Photon Image Classification.,,No
iclr_2021_569,"Self-supervised Adversarial Robustness for the Low-label, High-data Regime.",,No
iclr_2021_570,Uncertainty-aware Active Learning for Optimal Bayesian Classifier.,,No
iclr_2021_571,Latent Skill Planning for Exploration and Transfer.,,No
iclr_2021_572,Learning continuous-time PDEs from sparse data with graph neural networks.,,No
iclr_2021_573,Characterizing signal propagation to close the performance gap in unnormalized ResNets.,,No
iclr_2021_574,Robust Overfitting may be mitigated by properly learned smoothening.,,No
iclr_2021_575,Long Live the Lottery: The Existence of Winning Tickets in Lifelong Learning.,,No
iclr_2021_576,Symmetry-Aware Actor-Critic for 3D Molecular Design.,,No
iclr_2021_577,PseudoSeg: Designing Pseudo Labels for Semantic Segmentation.,,No
iclr_2021_578,NAS-Bench-ASR: Reproducible Neural Architecture Search for Speech Recognition.,,No
iclr_2021_579,Scaling the Convex Barrier with Active Sets.,,No
iclr_2021_580,Local Convergence Analysis of Gradient Descent Ascent with Finite Timescale Separation.,,No
iclr_2021_581,Activation-level uncertainty in deep neural networks.,,No
iclr_2021_582,Efficient Continual Learning with Modular Networks and Task-Driven Priors.,,No
iclr_2021_583,No Cost Likelihood Manipulation at Test Time for Making Better Mistakes in Deep Networks.,,No
iclr_2021_584,Ringing ReLUs: Harmonic Distortion Analysis of Nonlinear Feedforward Networks.,,No
iclr_2021_585,Distance-Based Regularisation of Deep Networks for Fine-Tuning.,,No
iclr_2021_586,Genetic Soft Updates for Policy Evolution in Deep Reinforcement Learning.,,No
iclr_2021_587,Towards Faster and Stabilized GAN Training for High-fidelity Few-shot Image Synthesis.,,No
iclr_2021_588,IsarStep: a Benchmark for High-level Mathematical Reasoning.,,No
iclr_2021_589,Multi-Prize Lottery Ticket Hypothesis: Finding Accurate Binary Neural Networks by Pruning A Randomly Weighted Network.,,No
iclr_2021_590,Average-case Acceleration for Bilinear Games and Normal Matrices.,,No
iclr_2021_591,Economic Hyperparameter Optimization with Blended Search Strategy.,,No
iclr_2021_592,BSQ: Exploring Bit-Level Sparsity for Mixed-Precision Neural Network Quantization.,,No
iclr_2021_593,AutoLRS: Automatic Learning-Rate Schedule by Bayesian Optimization on the Fly.,,No
iclr_2021_594,BERTology Meets Biology: Interpreting Attention in Protein Language Models.,,No
iclr_2021_595,Learning Task-General Representations with Generative Neuro-Symbolic Modeling.,,No
iclr_2021_596,Zero-shot Synthesis with Group-Supervised Learning.,,No
iclr_2021_597,Selective Classification Can Magnify Disparities Across Groups.,,No
iclr_2021_598,Better Fine-Tuning by Reducing Representational Collapse.,,No
iclr_2021_599,Training independent subnetworks for robust prediction.,,No
iclr_2021_600,Meta-Learning of Structured Task Distributions in Humans and Machines.,,No
iclr_2021_601,BiPointNet: Binary Neural Network for Point Clouds.,,No
iclr_2021_602,Benchmarks for Deep Off-Policy Evaluation.,,No
iclr_2021_603,Planning from Pixels using Inverse Dynamics Models.,,No
iclr_2021_604,Understanding the effects of data parallelism and sparsity on neural network training.,,No
iclr_2021_605,NOVAS: Non-convex Optimization via Adaptive Stochastic Search for End-to-end Learning and Control.,,No
iclr_2021_606,MoVie: Revisiting Modulated Convolutions for Visual Counting and Beyond.,,No
iclr_2021_607,NeMo: Neural Mesh Models of Contrastive Features for Robust 3D Pose Estimation.,,No
iclr_2021_608,On Graph Neural Networks versus Graph-Augmented MLPs.,,No
iclr_2021_609,Dual-mode ASR: Unify and Improve Streaming ASR with Full-context Modeling.,,No
iclr_2021_610,Deep Learning meets Projective Clustering.,,No
iclr_2021_611,Reinforcement Learning with Random Delays.,,No
iclr_2021_612,Isotropy in the Contextual Embedding Space: Clusters and Manifolds.,,No
iclr_2021_613,Spatio-Temporal Graph Scattering Transform.,,No
iclr_2021_614,Deployment-Efficient Reinforcement Learning via Model-Based Offline Optimization.,,No
iclr_2021_615,gradSim: Differentiable simulation for system identification and visuomotor control.,,No
iclr_2021_616,Evaluations and Methods for Explanation through Robustness Analysis.,,No
iclr_2021_617,RNNLogic: Learning Logic Rules for Reasoning on Knowledge Graphs.,,No
iclr_2021_618,Can a Fruit Fly Learn Word Embeddings?,,No
iclr_2021_619,Neural representation and generation for RNA secondary structures.,,No
iclr_2021_620,WaNet - Imperceptible Warping-based Backdoor Attack.,,No
iclr_2021_621,LowKey: Leveraging Adversarial Attacks to Protect Social Media Users from Facial Recognition.,,No
iclr_2021_622,Learning from others' mistakes: Avoiding dataset biases without modeling them.,,No
iclr_2021_623,Prototypical Contrastive Learning of Unsupervised Representations.,,No
iclr_2021_624,Extreme Memorization via Scale of Initialization.,,No
iclr_2021_625,Interactive Weak Supervision: Learning Useful Heuristics for Data Labeling.,,No
iclr_2021_626,Adaptive Procedural Task Generation for Hard-Exploration Problems.,,No
iclr_2021_627,Multi-timescale Representation Learning in LSTM Language Models.,,No
iclr_2021_628,"Deep Encoder, Shallow Decoder: Reevaluating Non-autoregressive Machine Translation.",,No
iclr_2021_629,Learning Better Structured Representations Using Low-rank Adaptive Label Smoothing.,,No
iclr_2021_630,Predicting Inductive Biases of Pre-Trained Models.,,No
iclr_2021_631,Molecule Optimization by Explainable Evolution.,,No
iclr_2021_632,Anchor & Transform: Learning Sparse Embeddings for Large Vocabularies.,,No
iclr_2021_633,PSTNet: Point Spatio-Temporal Convolution on Point Cloud Sequences.,,No
iclr_2021_634,Group Equivariant Conditional Neural Processes.,,No
iclr_2021_635,When does preconditioning help or hurt generalization?,,No
iclr_2021_636,Learning Reasoning Paths over Semantic Graphs for Video-grounded Dialogues.,,No
iclr_2021_637,Prototypical Representation Learning for Relation Extraction.,,No
iclr_2021_638,Layer-adaptive Sparsity for the Magnitude-based Pruning.,,No
iclr_2021_639,Refining Deep Generative Models via Discriminator Gradient Flow.,,No
iclr_2021_640,Explaining the Efficacy of Counterfactually Augmented Data.,,No
iclr_2021_641,Lipschitz Recurrent Neural Networks.,,No
iclr_2021_642,Learning Hyperbolic Representations of Topological Features.,,No
iclr_2021_643,Bidirectional Variational Inference for Non-Autoregressive Text-to-Speech.,,No
iclr_2021_644,Risk-Averse Offline Reinforcement Learning.,,No
iclr_2021_645,Group Equivariant Stand-Alone Self-Attention For Vision.,,No
iclr_2021_646,A Better Alternative to Error Feedback for Communication-Efficient Distributed Learning.,,No
iclr_2021_647,Neural Delay Differential Equations.,,No
iclr_2021_648,Capturing Label Characteristics in VAEs.,,No
iclr_2021_649,Graph Edit Networks.,,No
iclr_2021_650,InfoBERT: Improving Robustness of Language Models from An Information Theoretic Perspective.,,No
iclr_2021_651,DrNAS: Dirichlet Neural Architecture Search.,,No
iclr_2021_652,Drop-Bottleneck: Learning Discrete Compressed Representation for Noise-Robust Exploration.,,No
iclr_2021_653,Monte-Carlo Planning and Learning with Language Action Value Estimates.,,No
iclr_2021_654,Robust early-learning: Hindering the memorization of noisy labels.,,No
iclr_2021_655,Identifying Physical Law of Hamiltonian Systems via Meta-Learning.,,No
iclr_2021_656,Reweighting Augmented Samples by Minimizing the Maximal Expected Loss.,,No
iclr_2021_657,Understanding and Improving Encoder Layer Fusion in Sequence-to-Sequence Learning.,,No
iclr_2021_658,Spatial Dependency Networks: Neural Layers for Improved Generative Image Modeling.,,No
iclr_2021_659,Deep Repulsive Clustering of Ordered Data Based on Order-Identity Decomposition.,,No
iclr_2021_660,Revisiting Locally Supervised Learning: an Alternative to End-to-end Training.,,No
iclr_2021_661,Nonseparable Symplectic Neural Networks.,,No
iclr_2021_662,Gradient Origin Networks.,,No
iclr_2021_663,Learning to Sample with Local and Global Contexts in Experience Replay Buffer.,,No
iclr_2021_664,Provable Rich Observation Reinforcement Learning with Combinatorial Latent States.,,No
iclr_2021_665,Sharper Generalization Bounds for Learning with Gradient-dominated Objective Functions.,,No
iclr_2021_666,Rapid Neural Architecture Search by Learning to Generate Graphs from Datasets.,,No
iclr_2021_667,Relating by Contrasting: A Data-efficient Framework for Multimodal Generative Models.,,No
iclr_2021_668,FedMix: Approximation of Mixup under Mean Augmented Federated Learning.,,No
iclr_2021_669,Generalized Variational Continual Learning.,,No
iclr_2021_670,Understanding and Improving Lexical Choice in Non-Autoregressive Translation.,,No
iclr_2021_671,Bayesian Context Aggregation for Neural Processes.,,No
iclr_2021_672,Variational Intrinsic Control Revisited.,,No
iclr_2021_673,Implicit Gradient Regularization.,,No
iclr_2021_674,Return-Based Contrastive Representation Learning for Reinforcement Learning.,,No
iclr_2021_675,Scalable Bayesian Inverse Reinforcement Learning.,,No
iclr_2021_676,Exemplary Natural Images Explain CNN Activations Better than State-of-the-Art Feature Visualization.,,No
iclr_2021_677,LiftPool: Bidirectional ConvNet Pooling.,,No
iclr_2021_678,Adversarial score matching and improved sampling for image generation.,,No
iclr_2021_679,Transient Non-stationarity and Generalisation in Deep Reinforcement Learning.,,No
iclr_2021_680,On the Origin of Implicit Regularization in Stochastic Gradient Descent.,,No
iclr_2021_681,Analyzing the Expressive Power of Graph Neural Networks in a Spectral Perspective.,,No
iclr_2021_682,Pruning Neural Networks at Initialization: Why Are We Missing the Mark?,,No
iclr_2021_683,SkipW: Resource Adaptable RNN with Strict Upper Computational Limit.,,No
iclr_2021_684,Into the Wild with AudioScope: Unsupervised Audio-Visual Separation of On-Screen Sounds.,,No
iclr_2021_685,Simple Augmentation Goes a Long Way: ADRL for DNN Quantization.,,No
iclr_2021_686,Few-Shot Bayesian Optimization with Deep Kernel Surrogates.,,No
iclr_2021_687,AdaSpeech: Adaptive Text to Speech for Custom Voice.,,No
iclr_2021_688,HeteroFL: Computation and Communication Efficient Federated Learning for Heterogeneous Clients.,,No
iclr_2021_689,DINO: A Conditional Energy-Based GAN for Domain Translation.,,No
iclr_2021_690,Universal Weakly Supervised Segmentation by Pixel-to-Segment Contrastive Learning.,,No
iclr_2021_691,PC2WF: 3D Wireframe Reconstruction from Raw Point Clouds.,,No
iclr_2021_692,Multi-resolution modeling of a discrete stochastic process identifies causes of cancer.,,No
iclr_2021_693,C-Learning: Horizon-Aware Cumulative Accessibility Estimation.,,No
iclr_2021_694,Shapley Explanation Networks.,,No
iclr_2021_695,The role of Disentanglement in Generalisation.,,No
iclr_2021_696,Learning N: M Fine-grained Structured Sparse Neural Networks From Scratch.,,No
iclr_2021_697,Unsupervised Meta-Learning through Latent-Space Interpolation in Generative Models.,,No
iclr_2021_698,On Data-Augmentation and Consistency-Based Semi-Supervised Learning.,,No
iclr_2021_699,Learning from Demonstration with Weakly Supervised Disentanglement.,,No
iclr_2021_700,Neurally Augmented ALISTA.,,No
iclr_2021_701,Shape or Texture: Understanding Discriminative Features in CNNs.,,No
iclr_2021_702,Convex Potential Flows: Universal Probability Distributions with Optimal Transport and Convex Optimization.,,No
iclr_2021_703,Wasserstein Embedding for Graph Learning.,,No
iclr_2021_704,Meta-learning with negative learning rates.,,No
iclr_2021_705,Representing Partial Programs with Blended Abstract Semantics.,,No
iclr_2021_706,Fast convergence of stochastic subgradient method under interpolation.,,No
iclr_2021_707,A Hypergradient Approach to Robust Regression without Correspondence.,,No
iclr_2021_708,On the role of planning in model-based deep reinforcement learning.,,No
iclr_2021_709,Trajectory Prediction using Equivariant Continuous Convolution.,,No
iclr_2021_710,Grounding Language to Autonomously-Acquired Skills via Goal Generation.,,No
iclr_2021_711,Chaos of Learning Beyond Zero-sum and Coordination via Game Decompositions.,,No
iclr_2021_712,Isometric Transformation Invariant and Equivariant Graph Convolutional Networks.,,No
iclr_2021_713,R-GAP: Recursive Gradient Attack on Privacy.,,No
iclr_2021_714,Multi-Level Local SGD: Distributed SGD for Heterogeneous Hierarchical Networks.,,No
iclr_2021_715,GShard: Scaling Giant Models with Conditional Computation and Automatic Sharding.,,No
iclr_2021_716,Representation learning for improved interpretability and classification accuracy of clinical factors from EEG.,,No
iclr_2021_717,Multiplicative Filter Networks.,,No
iclr_2021_718,Are Neural Nets Modular? Inspecting Functional Modularity Through Differentiable Weight Masks.,,No
iclr_2021_719,Modeling the Second Player in Distributionally Robust Optimization.,,No
iclr_2021_720,Private Post-GAN Boosting.,,No
iclr_2021_721,Flowtron: an Autoregressive Flow-based Generative Network for Text-to-Speech Synthesis.,,No
iclr_2021_722,Learning Structural Edits via Incremental Tree Transformations.,,No
iclr_2021_723,Sample-Efficient Automated Deep Reinforcement Learning.,,No
iclr_2021_724,Unsupervised Discovery of 3D Physical Objects from Video.,,No
iclr_2021_725,Global optimality of softmax policy gradient with single hidden layer neural networks in the mean-field regime.,,No
iclr_2021_726,Extracting Strong Policies for Robotics Tasks from Zero-Order Trajectory Optimizers.,,No
iclr_2021_727,Temporally-Extended ε-Greedy Exploration.,,No
iclr_2021_728,Rapid Task-Solving in Novel Environments.,,No
iclr_2021_729,Tradeoffs in Data Augmentation: An Empirical Study.,,No
iclr_2021_730,Multiscale Score Matching for Out-of-Distribution Detection.,,No
iclr_2021_731,Understanding Over-parameterization in Generative Adversarial Networks.,,No
iclr_2021_732,Go with the flow: Adaptive control for Neural ODEs.,,No
iclr_2021_733,Linear Last-iterate Convergence in Constrained Saddle-point Optimization.,,No
iclr_2021_734,Learning advanced mathematical computations from examples.,,No
iclr_2021_735,WaveGrad: Estimating Gradients for Waveform Generation.,,No
iclr_2021_736,SALD: Sign Agnostic Learning with Derivatives.,,No
iclr_2021_737,Generalized Energy Based Models.,,No
iclr_2021_738,Long Range Arena : A Benchmark for Efficient Transformers.,,No
iclr_2021_739,Beyond Categorical Label Representations for Image Classification.,,No
iclr_2021_740,CoCo: Controllable Counterfactuals for Evaluating Dialogue State Trackers.,,No
iclr_2021_741,Stochastic Security: Adversarial Defense Using Long-Run Dynamics of Energy-Based Models.,,No
iclr_2021_742,X2T: Training an X-to-Text Typing Interface with Online Learning from User Feedback.,,No
iclr_2021_743,Mapping the Timescale Organization of Neural Language Models.,,No
iclr_2021_744,PDE-Driven Spatiotemporal Disentanglement.,,No
iclr_2021_745,OPAL: Offline Primitive Discovery for Accelerating Offline Reinforcement Learning.,,No
iclr_2021_746,Does enhanced shape bias improve neural network robustness to common corruptions?,,No
iclr_2021_747,Directed Acyclic Graph Neural Networks.,,No
iclr_2021_748,QPLEX: Duplex Dueling Multi-Agent Q-Learning.,,No
iclr_2021_749,Learning Energy-Based Models by Diffusion Recovery Likelihood.,,No
iclr_2021_750,Neural Networks for Learning Counterfactual G-Invariances from Single Environments.,,No
iclr_2021_751,Model-Based Offline Planning.,,No
iclr_2021_752,On Dyadic Fairness: Exploring and Mitigating Bias in Graph Connections.,,No
iclr_2021_753,Coping with Label Shift via Distributionally Robust Optimisation.,,No
iclr_2021_754,Faster Binary Embeddings for Preserving Euclidean Distances.,,No
iclr_2021_755,Learning and Evaluating Representations for Deep One-Class Classification.,,No
iclr_2021_756,Conditional Negative Sampling for Contrastive Learning of Visual Representations.,,No
iclr_2021_757,On Position Embeddings in BERT.,,No
iclr_2021_758,Repurposing Pretrained Models for Robust Out-of-domain Few-Shot Learning.,,No
iclr_2021_759,Dataset Meta-Learning from Kernel Ridge-Regression.,,No
iclr_2021_760,AdaFuse: Adaptive Temporal Fusion Network for Efficient Action Recognition.,,No
iclr_2021_761,One Network Fits All? Modular versus Monolithic Task Formulations in Neural Networks.,,No
iclr_2021_762,Vector-output ReLU Neural Network Problems are Copositive Programs: Convex Analysis of Two Layer Networks and Polynomial-time Algorithms.,,No
iclr_2021_763,In Defense of Pseudo-Labeling: An Uncertainty-Aware Pseudo-label Selection Framework for Semi-Supervised Learning.,,No
iclr_2021_764,MELR: Meta-Learning via Modeling Episode-Level Relationships for Few-Shot Learning.,,No
iclr_2021_765,Why resampling outperforms reweighting for correcting sampling bias with stochastic gradients.,,No
iclr_2021_766,Prediction and generalisation over directed actions by grid cells.,,No
iclr_2021_767,Hopper: Multi-hop Transformer for Spatiotemporal Reasoning.,,No
iclr_2021_768,Sparse encoding for more-interpretable feature-selecting representations in probabilistic matrix factorization.,,No
iclr_2021_769,Dance Revolution: Long-Term Dance Generation with Music via Curriculum Learning.,,No
iclr_2021_770,PAC Confidence Predictions for Deep Neural Network Classifiers.,,No
iclr_2021_771,BREEDS: Benchmarks for Subpopulation Shift.,,No
iclr_2021_772,Bypassing the Ambient Dimension: Private SGD with Gradient Subspace Identification.,,No
iclr_2021_773,End-to-End Egospheric Spatial Memory.,,No
iclr_2021_774,Evaluating the Disentanglement of Deep Generative Models through Manifold Topology.,,No
iclr_2021_775,SCoRe: Pre-Training for Context Representation in Conversational Semantic Parsing.,,No
iclr_2021_776,Decoupling Global and Local Representations via Invertible Generative Flows.,,No
iclr_2021_777,Pre-training Text-to-Text Transformers for Concept-centric Common Sense.,,No
iclr_2021_778,Local Search Algorithms for Rank-Constrained Convex Optimization.,,No
iclr_2021_779,Combining Label Propagation and Simple Models out-performs Graph Neural Networks.,,No
iclr_2021_780,Supervised Contrastive Learning for Pre-trained Language Model Fine-tuning.,,No
iclr_2021_781,"SAFENet: A Secure, Accurate and Fast Neural Network Inference.",,No
iclr_2021_782,Provably robust classification of adversarial examples with detection.,,No
iclr_2021_783,Saliency is a Possible Red Herring When Diagnosing Poor Generalization.,,No
iclr_2021_784,Fourier Neural Operator for Parametric Partial Differential Equations.,,No
iclr_2021_785,Combining Ensembles and Data Augmentation Can Harm Your Calibration.,,No
iclr_2021_786,SOLAR: Sparse Orthogonal Learned and Random Embeddings.,,No
iclr_2021_787,Efficient Empowerment Estimation for Unsupervised Stabilization.,,No
iclr_2021_788,More or Less: When and How to Build Convolutional Neural Network Ensembles.,,No
iclr_2021_789,VTNet: Visual Transformer Network for Object Goal Navigation.,,No
iclr_2021_790,Class Normalization for (Continual)? Generalized Zero-Shot Learning.,,No
iclr_2021_791,Batch Reinforcement Learning Through Continuation Method.,,No
iclr_2021_792,Towards Resolving the Implicit Bias of Gradient Descent for Matrix Factorization: Greedy Low-Rank Learning.,,No
iclr_2021_793,Training BatchNorm and Only BatchNorm: On the Expressive Power of Random Features in CNNs.,,No
iclr_2021_794,CompOFA - Compound Once-For-All Networks for Faster Multi-Platform Deployment.,,No
iclr_2021_795,Adaptive and Generative Zero-Shot Learning.,,No
iclr_2021_796,Learning to Make Decisions via Submodular Regularization.,,No
iclr_2021_797,Generating Furry Cars: Disentangling Object Shape and Appearance across Multiple Domains.,,No
iclr_2021_798,Implicit Under-Parameterization Inhibits Data-Efficient Deep Reinforcement Learning.,,No
iclr_2021_799,Disentangling 3D Prototypical Networks for Few-Shot Concept Learning.,,No
iclr_2021_800,Anytime Sampling for Autoregressive Models via Ordered Autoencoding.,,No
iclr_2021_801,HyperDynamics: Meta-Learning Object and Agent Dynamics with Hypernetworks.,,No
iclr_2021_802,Improving Zero-Shot Voice Style Transfer via Disentangled Representation Learning.,,No
iclr_2021_803,GraPPa: Grammar-Augmented Pre-Training for Table Semantic Parsing.,,No
iclr_2021_804,Estimating Lipschitz constants of monotone deep equilibrium models.,,No
iclr_2021_805,Estimating informativeness of samples with Smooth Unique Information.,,No
iclr_2021_806,NBDT: Neural-Backed Decision Tree.,,No
iclr_2021_807,Accurate Learning of Graph Representations with Graph Multiset Pooling.,,No
iclr_2021_808,Byzantine-Resilient Non-Convex Stochastic Gradient Descent.,,No
iclr_2021_809,MetaNorm: Learning to Normalize Few-Shot Batches Across Domains.,,No
iclr_2021_810,Large Batch Simulation for Deep Reinforcement Learning.,,No
iclr_2021_811,Personalized Federated Learning with First Order Model Optimization.,,No
iclr_2021_812,Combining Physics and Machine Learning for Network Flow Estimation.,,No
iclr_2021_813,Knowledge Distillation as Semiparametric Inference.,,No
iclr_2021_814,Learning Value Functions in Deep Policy Gradients using Residual Variance.,,No
iclr_2021_815,Randomized Ensembled Double Q-Learning: Learning Fast Without a Model.,,No
iclr_2021_816,Decentralized Attribution of Generative Models.,,No
iclr_2021_817,Attentional Constellation Nets for Few-Shot Learning.,,No
iclr_2021_818,Adapting to Reward Progressivity via Spectral Reinforcement Learning.,,No
iclr_2021_819,TropEx: An Algorithm for Extracting Linear Terms in Deep Neural Networks.,,No
iclr_2021_820,Reset-Free Lifelong Learning with Skill-Space Planning.,,No
iclr_2021_821,Robust Learning of Fixed-Structure Bayesian Networks in Nearly-Linear Time.,,No
iclr_2021_822,Teaching Temporal Logics to Neural Networks.,,No
iclr_2021_823,Spatially Structured Recurrent Modules.,,No
iclr_2021_824,Bayesian Few-Shot Classification with One-vs-Each Pólya-Gamma Augmented Gaussian Processes.,,No
iclr_2021_825,Parameter-Based Value Functions.,,No
iclr_2021_826,Hyperbolic Neural Networks++.,,No
iclr_2021_827,Neural Jump Ordinary Differential Equations: Consistent Continuous-Time Prediction and Filtering.,,No
iclr_2021_828,Seq2Tens: An Efficient Representation of Sequences by Low-Rank Tensor Projections.,,No
iclr_2021_829,FOCAL: Efficient Fully-Offline Meta-Reinforcement Learning via Distance Metric Learning and Behavior Regularization.,,No
iclr_2021_830,On the Curse of Memory in Recurrent Neural Networks: Approximation and Optimization Analysis.,,No
iclr_2021_831,Generating Adversarial Computer Programs using Optimized Obfuscations.,,No
iclr_2021_832,BOIL: Towards Representation Change for Few-shot Learning.,,No
iclr_2021_833,Interpreting and Boosting Dropout from a Game-Theoretic View.,,No
iclr_2021_834,Representation Learning via Invariant Causal Mechanisms.,,No
iclr_2021_835,Fooling a Complete Neural Network Verifier.,,No
iclr_2021_836,CPR: Classifier-Projection Regularization for Continual Learning.,,No
iclr_2021_837,CO2: Consistent Contrast for Unsupervised Visual Representation Learning.,,No
iclr_2021_838,GAN2GAN: Generative Noise Learning for Blind Denoising with Single Noisy Images.,,No
iclr_2021_839,Learning Subgoal Representations with Slow Dynamics.,,No
iclr_2021_840,Bowtie Networks: Generative Modeling for Joint Few-Shot Recognition and Novel-View Synthesis.,,No
iclr_2021_841,Taming GANs with Lookahead-Minmax.,,No
iclr_2021_842,Certify or Predict: Boosting Certified Robustness with Compositional Architectures.,,No
iclr_2021_843,New Bounds For Distributed Mean Estimation and Variance Reduction.,,No
iclr_2021_844,Interpretable Neural Architecture Search via Bayesian Optimisation with Weisfeiler-Lehman Kernels.,,No
iclr_2021_845,A Discriminative Gaussian Mixture Model with Sparsity.,,No
iclr_2021_846,Communication in Multi-Agent Reinforcement Learning: Intention Sharing.,,No
iclr_2021_847,Is Attention Better Than Matrix Decomposition?,,No
iclr_2021_848,Fast and Complete: Enabling Complete Neural Network Verification with Rapid and Massively Parallel Incomplete Verifiers.,,No
iclr_2021_849,A Geometric Analysis of Deep Generative Image Models and Its Applications.,,No
iclr_2021_850,Solving Compositional Reinforcement Learning Problems via Task Reduction.,,No
iclr_2021_851,ARMOURED: Adversarially Robust MOdels using Unlabeled data by REgularizing Diversity.,,No
iclr_2021_852,Acting in Delayed Environments with Non-Stationary Markov Policies.,,No
iclr_2021_853,Overfitting for Fun and Profit: Instance-Adaptive Data Compression.,,No
iclr_2021_854,Learnable Embedding sizes for Recommender Systems.,,No
iclr_2021_855,Generative Scene Graph Networks.,,No
iclr_2021_856,Deconstructing the Regularization of BatchNorm.,,No
iclr_2021_857,PolarNet: Learning to Optimize Polar Keypoints for Keypoint Based Object Detection.,,No
iclr_2021_858,Simple Spectral Graph Convolution.,,No
iclr_2021_859,Explainable Subgraph Reasoning for Forecasting on Temporal Knowledge Graphs.,,No
iclr_2021_860,Evaluation of Neural Architectures trained with square Loss vs Cross-Entropy in Classification Tasks.,,No
