author,count
Shouling Ji,35
Ting Wang,24
Qi Alfred Chen,23
Yang Zhang,22
Min Yang,20
Neil Zhenqiang Gong,17
Kai Chen,16
Qi Li,16
Jinyuan Jia,14
Matthew Jagielski,13
Michael Backes,13
Jinfeng Li,12
Minghong Fang,12
Somesh Jha,12
Junjie Shen,11
Xudong Pan,11
Xinyang Zhang,11
Yizheng Chen,11
Zeyuan Chen,11
Nicholas Carlini,11
Tianyu Du,11
Mi Zhang,11
Xiapu Luo,11
Yue Zhao,11
Shengzhi Zhang,11
XiaoFeng Wang,11
Wenyuan Xu,11
Jiachen Sun,10
Varun Chandrasekaran,10
Fnu Suya,10
Erwin Quiring,10
Fan Yao,10
Klas Leino,10
Mengjia Yan,10
Yuxuan Chen,10
Muhammad Ejaz Ahmed,10
Jianfeng Chi,10
David Evans,10
Yuan Tian,10
Konrad Rieck,10
Adnan Siraj Rakin,10
Xiaoyu Cao,10
Ningfei Wang,10
Hua Shen,10
Shiqi Wang,10
Suman Jana,10
Jiangshan Zhang,10
Hyoungshick Kim,10
Yulong Cao,9
Z. Morley Mao,9
Jun Yeon Won,9
Kamalika Chaudhuri,9
Irene Giacomelli,9
Songbai Yan,9
David Berthelot,9
Alex Kurakin,9
Nicolas Papernot,9
David Klein,9
Daniel Arp,9
Martin Johns,9
Rong Zhang,9
Quan Lu,9
Deliang Fan,9
Matt Fredrikson,9
Duocai Wu,9
Qifan Xiao,9
Christopher W. Fletcher,9
Josep Torrellas,9
Dongdong She,9
Xuejing Yuan,9
Il-Youp Kwak,9
Jun Ho Huh,9
Iljoo Kim,9
Taekkyung Oh,9
Minhui Xue,9
Yanjiao Chen,8
Ke Xu,8
Bo Li,7
Kun Sun,6
Zheng Li,6
Zhikun Zhang,6
Ahmad-Reza Sadeghi,6
Yun Shen,6
Ben Y. Zhao,5
Qian Wang,5
Stjepan Picek,5
Kui Ren,5
Xiaoyu Ji,5
Shawn Shan,4
Bo Luo,4
Zhuotao Liu,4
Haojin Zhu,4
Xinlei He,4
Xuhong Zhang,4
Jiangyi Deng,4
Guozhu Meng,4
Zhiyuan Yu,4
Ning Zhang,4
Florian Tramèr,4
Takami Sato,4
Alexandra Dmitrienko,4
Michael K. Reiter,4
Phillip Rieger,4
Xinfeng Li,4
Shuo Wang,4
 Shouling Ji,3
Emily Wenger,3
Haitao Zheng,3
Yingqi Liu,3
Xiangyu Zhang,3
Yinzhi Cao,3
Shu Wang,3
Zhuohang Li,3
Gang Wang,3
Chao Shen,3
Binghui Wang,3
Amir Houmansadr,3
Xiaojing Liao,3
Lujia Shen,3
Jianwei Yin,3
Min Chen,3
Tianhao Wang,3
Yijie Bai,3
Xiaojing Ma,3
Hai Jin,3
Teodora Baluta,3
Prateek Saxena,3
Yuwen Pu,3
Zeyan Liu,3
Fengjun Li,3
Ming Li,3
Gianluca Stringhini,3
Emiliano De Cristofaro,3
Torsten Krauß,3
Zhongjie Ba,3
Hossein Fereidooni,3
Zhibo Wang,3
Zhan Qin,3
Tianwei Zhang,3
Neil Gong,3
Chen Yan,3
Guanhong Tao,3
 Qi Alfred Chen,2
 Min Yang,2
 Ting Wang,2
Yevgeniy Vorobeychik,2
Yu Li,2
Qiang Xu,2
Yisroel Mirsky,2
Ning Yu,2
Mario Fritz,2
Shruti Tople,2
Catuscia Palamidessi,2
Jian Liu,2
Yingying Chen,2
Bo Yuan,2
Raheem Beyah,2
Ambra Demontis,2
Yunjie Ge,2
Shenyi Zhang,2
Mingwei Xu,2
Alireza Bahramali,2
Yan Meng,2
Yue Qin,2
Jie Shi,2
Chengfang Fang,2
Luka Rimanic,2
Ce Zhang,2
Zihan Wang,2
Wei Wang,2
Yi Zhu,2
Chenglin Miao,2
Lu Su,2
Chunming Qiao,2
Hongbin Liu,2
Wenjie Qu,2
Renjie Xie,2
Dario Pasquini,2
Giuseppe Ateniese,2
Yunhui Long,2
Sang-Wook Kim,2
Benjamin Zi Hao Zhao,2
Chaoxiang He,2
Dongqi Han,2
Zhiliang Wang,2
Wenqi Chen,2
Jiahai Yang,2
Xingang Shi,2
Xia Yin,2
Kai Zhou,2
Chuanpu Fu,2
Zizhuang Deng,2
Rui Duan,2
Zhe Qu,2
Leah Ding,2
Yao Liu,2
Zhuo Lu,2
Hanqing Guo,2
Qiben Yan,2
Yiyong Liu,2
Di Tang,2
Xiaofeng Wang,2
Xiaokui Xiao,2
Mohammad Naseri,2
Yufei Han,2
Wenxin Ding,2
Reza Shokri,2
Jiayuan Ye,2
Vincent Bindschaedler,2
Gorka Abad,2
Oguzhan Ersoy,2
Aitor Urbieta,2
Yuki Hayakawa,2
Ryo Suzuki,2
Yohsuke Shiiki,2
Kentaro Yoshioka,2
Xinyun Chen,2
Jinwen He,2
Jia Zhang,2
Haixin Duan,2
Ashish Hooda,2
Murat Kantarcioglu,2
Haiqin Weng,2
Jinghuai Zhang,2
Keane Lucas,2
Weiran Lin,2
Lujo Bauer,2
Mahmood Sharif,2
Jian Lou,2
Li Xiong,2
Xinyu Zhang,2
Yuan Hong,2
Shengyuan Pang,2
Ziyao Wang,2
Hai-Tao Zheng,2
Jie Zhang,2
Siyuan Tang,2
Rui Zhu,2
Zihao Wang,2
Haixu Tang,2
Xinyue Shen,2
Yuekang Li,2
Karthik Pattabiraman,2
Gelei Deng,2
Xinhao Deng,2
Mahmoud Nazzal,2
Issa Khalil,2
Abdallah Khreishah,2
NhatHai Phan,2
Patrick Traynor,2
Jia Liu,2
Ye Wang,2
Alsharif Abuadbba,2
Guangdong Bai,2
Bo Hui,2
Haolin Yuan,2
Philippe Burlina,2
Xueluan Gong,2
Eugene Bagdasarian,2
Yuanyuan Yuan,2
Shuai Wang,2
Yansong Gao,2
Zhi Zhang,2
Anmin Fu,2
Yuchen Yang,2
Xiaoli Zhang,2
Xingliang Yuan,2
Zitao Chen,2
Adam Bates,2
Wenbo Guo,2
Qiuling Xu,2
Guangyu Shen,2
Shengwei An,2
Markus Miettinen,2
Bin B. Zhu,2
Dongmei Zhang,2
Ruoxi Sun,2
Shiqing Ma,2
Yushi Cheng,2
Alessandro Pegoraro,2
 Yulong Cao,1
 Z. Morley Mao,1
 Jun Yeon Won,1
 Zeyuan Chen,1
 Kamalika Chaudhuri,1
 Irene Giacomelli,1
 Somesh Jha,1
 Songbai Yan,1
 Jianfeng Chi,1
 David Evans,1
 Yuan Tian,1
 Nicholas Carlini,1
 David Berthelot,1
 Alex Kurakin,1
 Nicolas Papernot,1
 David Klein,1
 Daniel Arp,1
 Martin Johns,1
 Konrad Rieck,1
 Tianyu Du,1
 Rong Zhang,1
 Quan Lu,1
 Adnan Siraj Rakin,1
 Deliang Fan,1
 Matt Fredrikson,1
 Xiaoyu Cao,1
 Jinyuan Jia,1
 Neil Zhenqiang Gong,1
 Mi Zhang,1
 Duocai Wu,1
 Qifan Xiao,1
 Ningfei Wang,1
 Hua Shen,1
 Xiapu Luo,1
 Christopher W. Fletcher,1
 Josep Torrellas,1
 Shiqi Wang,1
 Dongdong She,1
 Suman Jana,1
 Xuejing Yuan,1
 Jiangshan Zhang,1
 Yue Zhao,1
 Shengzhi Zhang,1
 Kai Chen,1
 XiaoFeng Wang,1
 Il-Youp Kwak,1
 Jun Ho Huh,1
 Iljoo Kim,1
 Taekkyung Oh,1
 Hyoungshick Kim,1
Wenke Lee,1
Bolun Wang,1
Ren Pang,1
Alex X. Liu,1
Min Li,1
Ye Tian,1
Junyu Lin,1
Lei Xu,1
Ben Nassi,1
Dudi Nassi,1
Raz Ben-Netanel,1
Oleg Drokin,1
Yuval Elovici,1
Dingfan Chen,1
Santiago Zanella Béguelin,1
Lukas Wutschitz,1
Victor Rühle,1
Andrew Paverd,1
Olga Ohrimenko,1
Boris Köpf,1
Marc Brockschmidt,1
Congzheng Song,1
Ananth Raghunathan,1
Marco Romanelli,1
Konstantinos Chatzikokolakis,1
Pablo Piantanida,1
Xiaohan Zhang,1
Yuan Zhang,1
Ming Zhong,1
Daizong Ding,1
Yukun Zhang,1
Jiahao Cao,1
Xu He,1
Yi Wu,1
Chenghui Shi,1
Qianjun Liu,1
Changchang Liu,1
Yuefeng Chen,1
Yuan He,1
Zhe Liu,1
Sahar Abdelnabi,1
Katharina Krombholz,1
Victor Zeng,1
Xin Zhou,1
Shahryar Baki,1
Rakesh M. Verma,1
Sadia Afroz,1
Brian Kondracki,1
Babak Amin Azad,1
Oleksii Starov,1
Nick Nikiforakis,1
Yihe Zhang,1
Xu Yuan,1
Jin Li,1
Jiadong Lou,1
Li Chen,1
Nian-Feng Tzeng,1
Qingying Hao,1
Licheng Luo,1
Steve T. K. Jan,1
Baolin Zheng,1
Peipei Jiang,1
Cong Wang,1
Qingyang Teng,1
Jiaming Mu,1
Milad Nasr,1
Dennis Goeckel,1
Don Towsley,1
Hong Zhu,1
Max Bronckers,1
Christian Cianfarani,1
Jenna Cryan,1
Angela Sha,1
Tong Zhu,1
Haotian Hu,1
Xiaokuan Zhang,1
David A. Wagner,1
Ryan Sheatsley,1
Blaine Hoak,1
Eric Pauley,1
Yohan Beugin,1
Michael J. Weisman,1
Patrick D. McDaniel,1
Yao Zhang,1
Linyi Li,1
Maurice Weber,1
Xiaojun Xu,1
Bhavya Kailkhura,1
Tao Xie,1
Mohammad Malekzadeh,1
Anastasia Borovykh,1
Deniz Gündüz,1
Minxing Zhang,1
Zhaochun Ren,1
Pengjie Ren,1
Zhumin Chen,1
Pengfei Hu,1
Mathias Humbert,1
Richard Mitev,1
Kaibo Wang,1
Cong Shi,1
Tianfang Zhang,1
Yi Xie,1
Yao Yao,1
Xin Liu,1
Xiang Li,1
Pei Hao,1
Ting Zhu,1
Tianhang Zheng,1
Foad Hajiaghajani,1
Aoting Hu,1
Zhigang Lu,1
Aiqun Hu,1
Massimo Bernaschi,1
Sina Sajadmanesh,1
Daniel Gatica-Perez,1
Boxin Wang,1
Fan Wu,1
Hailong Hu,1
Jun Pang,1
Naureen Hoque,1
Hanif Rahbari,1
Brandon Falk,1
Yuxia Zhan,1
Christian Ryan,1
Sharmishtha Dutta,1
Youngja Park,1
Nidhi Rastogi,1
Eujeanne Kim,1
Sung-Jun Park,1
Seokwoo Choi,1
Dong-Kyu Chae,1
Nazir Saleheen,1
Md. Azim Ullah,1
Supriyo Chakraborty,1
Deniz S. Ones,1
Mani B. Srivastava,1
Santosh Kumar,1
Giorgio Severi,1
Niklas Pousette Harger,1
Alina Oprea,1
Shaofeng Li,1
Hui Liu,1
Tian Dong,1
Jialiang Lu,1
Jing Chen,1
Bin Benjamin Zhu,1
Shengshan Hu,1
Chong Xiang,1
Prateek Mittal,1
Ying Zhong,1
Su Wang,1
Han Zhang,1
Kaifa Zhao,1
Hao Zhou,1
Yulin Zhu,1
Xian Zhan,1
Jianfeng Li,1
Le Yu,1
Wei Yuan,1
Meng Shen,1
Shiqi Shen,1
S. Hitarth,1
Tianshuo Cong,1
Ana-Maria Cretu,1
Florimond Houssiau,1
Antoine Cully,1
Yves-Alexandre de Montjoye,1
Xiaodong Zhang,1
Yao Cheng,1
Shangqing Zhao,1
Yuyou Gan,1
Yuhao Mao,1
Meng Han,1
Yuanda Wang,1
Nikolay Ivanov,1
Li Xiao,1
Zayd Hammoudeh,1
Daniel Lowd,1
Hai Huang,1
Bargav Jayaraman,1
Seulbae Kim,1
Major Liu,1
Junghwan John Rhee,1
Yuseok Jeon,1
Yonghwi Kwon,1
Chung Hwan Kim,1
Taeri Kim,1
Noseong Park,1
Jiwon Hong,1
Aashish Kolluri,1
Bryan Hooi,1
Han Liu,1
Mingming Zha,1
William Yeoh,1
Jiawei Liu,1
Yangyang Kang,1
Kaisong Song,1
Changlong Sun,1
Wei Lu,1
Xiaozhong Liu,1
Shunchang Liu,1
Jiakai Wang,1
Aishan Liu,1
Yingwei Li,1
Yijie Gao,1
Xianglong Liu,1
Dacheng Tao,1
Zhengyu Zhao,1
Yupei Liu,1
Zhu Li,1
Xinjian Luo,1
Yangfan Jiang,1
Samuel Maddock,1
Graham Cormode,1
Carsten Maple,1
Raymond Muller,1
Yanmao Man,1
Z. Berkay Celik,1
Ryan M. Gerdes,1
Enrico Mariconti,1
Danilo Francati,1
Amrita Roy Chowdhury,1
Chuan Guo,1
Laurens van der Maaten,1
Ting Yu,1
Wai Man Si,1
Jeremy Blackburn,1
Savvas Zannettou,1
Ayrton San Joaquin,1
Hoang Le,1
Sanghyun Hong,1
Xiuling Wang,1
Wendy Hui Wang,1
Jianxin Wei,1
Ergute Bao,1
Yin Yang,1
Aadyaa Maddi,1
Sasi Kumar Murakonda,1
Víctor Julio Ramírez-Durán,1
Roger A. Hallman,1
Nur Imtiazul Haque,1
Maurice Ngouen,1
Yazen Al-Wahadneh,1
Mohammad Ashiqur Rahman,1
Kiho Lee,1
Sanghak Oh,1
Chuyen Nguyen,1
Caleb Morgan,1
Sudip Mittal,1
Rajvardhan Oak,1
Leo Hyun Park,1
Jaewoo Park,1
Soochang Chung,1
Jaeuk Kim,1
Myung Gyo Oh,1
Taekyoung Kwon,1
Yunpeng Luo,1
Kaidi Xu,1
Jing Xu,1
Ping He,1
Yifan Xia,1
Jingyang Hu,1
Hongbo Wang,1
Tianyue Zheng,1
Jingzhi Hu,1
Zhe Chen,1
Hongbo Jiang,1
Jun Luo,1
Congyi Li,1
Shixuan Zhai,1
Zhuoqun Fu,1
Chuyun Deng,1
Yi Zeng,1
Minzhou Pan,1
Hoang Anh Just,1
Lingjuan Lyu,1
Meikang Qiu,1
Ruoxi Jia,1
Ryan Feng,1
Neal Mangaokar,1
Kassem Fawaz,1
Atul Prakash,1
Vibha Belavadi,1
Yan Zhou,1
Bhavani Thuraisingham,1
Jianping Wu,1
Ardavan Bozorgi,1
Tejas Kannan,1
Nick Feamster,1
Henry Hoffmann,1
Ivica Nikolic,1
Racchit Jain,1
Divesh Aggarwal,1
Lingshuo Meng,1
Yutong Hu,1
Zhengyuan Jiang,1
Hongfei Xue,1
Zhengxiong Li,1
Yunnan Yu,1
Wenyao Xu,1
Marco Arazzi,1
Mauro Conti,1
Antonino Nocera,1
Chulin Xie,1
Pin-Yu Chen,1
Qinbin Li,1
Sanmi Koyejo,1
Shuangqing Xu,1
Yifeng Zheng,1
Zhongyun Hua,1
Bokang Zhang,1
Yanglin Zhang,1
Jinglan Yang,1
Lingying Huang,1
Junfeng Wu,1
Junxu Liu,1
Jinfei Liu,1
Xiaofeng Meng,1
Jiahe Zhang,1
Jianjun Chen,1
Qi Wang,1
Hangyu Zhang,1
Chuhan Wang,1
Jianwei Zhuge,1
Hanbin Hong,1
Jonathan Knauer,1
Zheng Fang,1
Tao Wang,1
Lingchen Zhao,1
Bowen Li,1
Oubo Ma,1
Linkang Du,1
Yang Dai,1
Ruo Wang,1
Xiaolei Liu,1
Yingcai Wu,1
Jiawen Shi,1
Zenghui Yuan,1
Yinuo Liu,1
Yue Huang,1
Pan Zhou,1
Lichao Sun,1
Yifan Lu,1
Wenxuan Li,1
Zhixuan Chu,1
Yan Wang,1
Longfei Li,1
Jialin Wu,1
Jiayang Xu,1
Jieming Zhong,1
Jiachen Lei,1
Peng Cheng,1
Qinglong Wang,1
Peiran Wang,1
Qiyu Li,1
Longxuan Yu,1
Ang Li,1
Haojian Jin,1
Cathy Y. Li,1
Yu He,1
Boheng Li,1
Yao Wang,1
Mengda Yang,1
Juan Wang,1
Hongxin Hu,1
Xingyu Zhao,1
Jie Zhu,1
Jirong Zha,1
Ding Li,1
Leye Wang,1
Qiankun Zhang,1
Di Yuan,1
Boyu Zhang,1
Bin Yuan,1
Bingqian Du,1
Michael Aerni,1
Xiaoyi Chen,1
Shijun Yan,1
Lei Jin,1
Liya Su,1
Zonghao Huang,1
Tong Liu,1
Hanqiu Wang,1
Zihao Zhan,1
Haoqi Shan,1
Siqi Dai,1
Maximillian Panoff,1
Hanshen Xiao,1
G. Edward Suh,1
Srinivas Devadas,1
Pritam Dash,1
Ethan Chan,1
Xingshuo Han,1
Haozhao Wang,1
Kangqiao Zhao,1
Yuan Xu,1
Hangcheng Liu,1
Han Qiu,1
Huiyu Xu,1
Yaopeng Wang,1
Wenxin Liu,1
Lu Jin,1
Tao Wei,1
Thien-Phuc Doan,1
Hung Dinh-Xuan,1
Taewon Ryu,1
Inho Kim,1
Woongjae Lee,1
Kihun Hong,1
Souhwan Jung,1
Zijun Yao,1
Yan Zhai,1
Kevin Warren,1
Tyler Tucker,1
Anna Crowder,1
Daniel Olszewski,1
Allison Lu,1
Caroline Fedele,1
Magdalena Pasternak,1
Seth Layton,1
Kevin R. B. Butler,1
Carrie Gates,1
Yuxin Yang,1
Qiang Li,1
Yufei Zhou,1
Peijia Zheng,1
Xiaochun Cao,1
Jiwu Huang,1
Zifan Zhang,1
Hairi,1
Prashant Khanduri,1
Songtao Lu,1
Yuchen Liu,1
Yurong Hao,1
Xihui Chen,1
Xiaoting Lyu,1
Jiqiang Liu,1
Yongsheng Zhu,1
Zhiguo Wan,1
Sjouke Mauw,1
Guanzhong Chen,1
Zhenghan Qin,1
Mingxin Yang,1
Yajie Zhou,1
Tao Fan,1
Zenglin Xu,1
Chenglu Jin,1
Chao Yin,1
Marten van Dijk,1
Sisi Duan,1
Fabio Massacci,1
Haibin Zhang,1
Chenghan Jiang,1
Jinjiang Yang,1
Xinyi Li,1
Ju Ren,1
Rongqing Hui,1
Andrew Lowy,1
Jing Liu,1
Toshiaki Koike-Akino,1
Kieran Parsons,1
Bradley A. Malin,1
Rui Wen,1
Hao Li,1
Siyuan Wu,1
Chengrui Hu,1
Yutong Ye,1
Min Zhang,1
Dengguo Feng,1
Ruixuan Liu,1
Yang Cao,1
Xinguo Feng,1
Zhongkui Ma,1
Eu Joe Chegne,1
Mengyao Ma,1
Wei Tong,1
Haoyu Chen,1
Jiacheng Niu,1
Sheng Zhong,1
Kai Li,1
Yifan Zheng,1
Mingming Chen,1
Thomas La Porta,1
Teryl Taylor,1
Frederico Araujo,1
Trent Jaeger,1
Zhongming Ma,1
Yan Liu,1
Zijin Lin,1
Rubin Wei,1
Yuchen Sun,1
Jiawen Peng,1
Ao Li,1
Ruoyao Wen,1
Yijia Chen,1
Ren Yi,1
Sahra Ghalebikesabi,1
Peter Kairouz,1
Marco Gruteser,1
Sewoong Oh,1
Borja Balle,1
Daniel Ramage,1
Yuke Hu,1
Jiaqi Liu,1
Wangze Ni,1
Feng Lin,1
Zhenhua Zou,1
Jinyong Shan,1
Zhibo Liu,1
Sen Deng,1
Yanzuo Chen,1
Yinqian Zhang,1
Zhendong Su,1
Nazmul Karim,1
Abdullah Al Arafat,1
Zhishan Guo,1
Nazanin Rahnavard,1
Kunlin Cai,1
Hua Ma,1
Shang Wang,1
Huming Qiu,1
Surya Nepal,1
Derek Abbott,1
Vitaly Shmatikov,1
Xinyao Ma,1
Chaoqi Zhang,1
Huadi Zhu,1
L. Jean Camp,1
Anna Yoo Jeong Ha,1
Josephine Passananti,1
Ronik Bhaskar,1
Reid Southen,1
Yixin Wu,1
Zeyang Sha,1
Yicong Tan,1
Mingjie Li,1
Filipo Sharevski,1
Aziz Zeidieh,1
Jennifer Vander Loop,1
Peter Jachim,1
Jieshan Chen,1
Maura Pintor,1
Di Xue,1
Gang Zhao,1
Zhongqi Fan,1
Wei Li,1
Yahong Xu,1
Zhen Liu,1
Yin Liu,1
Zhongliang Yuan,1
Yuni Lai,1
Sachin Shukla,1
Omid Mirzaei,1
Huan Bui,1
Harper Lienerth,1
Chenglong Fu,1
Meera Sridhar,1
Seok Min Hong,1
Beom Heyn Kim,1
Mohammad Mannan,1
Jiawen Diao,1
Shengmin Zhao,1
Jianguo Xie,1
Rongna Xie,1
Guozhen Shi,1
Peter Chen,1
Guannan Liu,1
Haining Wang,1
Andreas Athanasiou,1
Kangsoo Jung,1
Khiem Ton,1
Nhi Nguyen,1
Cristian Borcea,1
Ruoming Jin,1
Yelong Shen,1
Sayanton V. Dibbo,1
Giada Stivala,1
Giancarlo Pellegrino,1
Tao Chen,1
Longfei Shangguan,1
Zhenjiang Li,1
Kyle Jamieson,1
Kehai Liu,1
Qin Zhou,1
Benjamin E. Ujcich,1
Samuel Jero,1
Richard Skowyra,1
Steven R. Gomez,1
William H. Sanders,1
Hamed Okhravi,1
Shivam Bhasin,1
Anupam Chattopadhyay,1
Annelie Heuser,1
Dirmanto Jap,1
Ritu Ranjan Shrivastwa,1
Honggang Yu,1
Kaichen Yang,1
Teng Zhang,1
Yun-Yun Tsai,1
Tsung-Yi Ho,1
Yier Jin,1
Hojjat Aghakhani,1
Fabio Gritti,1
Francesco Mecca,1
Martina Lindorfer,1
Stefano Ortolani,1
Davide Balzarotti,1
Giovanni Vigna,1
Christopher Kruegel,1
Hassan Jameel Asghar,1
Mohamed Ali Kâafar,1
Jairo Giraldo,1
Alvaro A. Cárdenas,1
Jonathan Katz,1
Charlie Hou,1
Mingxun Zhou,1
Yan Ji,1
Phil Daian,1
Giulia Fanti,1
Ari Juels,1
Jiayun Xu,1
Yingjiu Li,1
Robert H. Deng,1
Junjie Liang,1
Tongbo Luo,1
Vasant G. Honavar,1
Xinyu Xing,1
Sinem Sav,1
Apostolos Pyrgelis,1
Juan Ramón Troncoso-Pastoriza,1
David Froelicher,1
Jean-Philippe Bossuat,1
Joao Sa Sousa,1
Jean-Pierre Hubaux,1
Virat Shejwalkar,1
Jingwei Xu,1
Yuan Yao,1
Jamie Hayes,1
Thien Duc Nguyen,1
Ziwen Wan,1
Jalen Chuang,1
Xin Xia,1
Joshua Garcia,1
Jiaqi Ma,1
Ziqi Xu,1
Jingcheng Li,1
Yanjun Pan,1
Loukas Lazos,1
Nirnimesh Ghose,1
Yijun Yang,1
Ruiyuan Gao,1
Qiuxia Lai,1
Wei Jia,1
Zhaojun Lu,1
Haichun Zhang,1
Zhenglin Liu,1
Jie Wang,1
Gang Qu,1
Gonzalo De La Torre Parra,1
Luis Selvera,1
Joseph Khoury,1
Hector Irizarry,1
Elias Bou-Harb,1
Paul Rad,1
Jianshuo Dong,1
Viet Quoc Vo,1
Ehsan Abbasnejad,1
Damith C. Ranasinghe,1
Junhao Zhou,1
Yufei Chen,1
Ahmed Salem,1
Yugeng Liu,1
Klim Kireev,1
Bogdan Kulynych,1
Carmela Troncoso,1
Jiayun Fu,1
Pingyi Hu,1
Ruixin Zhao,1
Yaru Jia,1
Peng Xu,1
Chunyi Zhou,1
Zhiyang Dai,1
Yuqing Zhang,1
Wanlun Ma,1
Derui Wang,1
Sheng Wen,1
Yang Xiang,1
Alexander Warnecke,1
Lukas Pirch,1
Christian Wressnegger,1
Caiqin Dong,1
Jian Weng,1
Jia-Nan Liu,1
Yue Zhang,1
Yao Tong,1
Anjia Yang,1
Yudan Cheng,1
Shun Hu,1
Tianyue Chu,1
Álvaro García-Recuero,1
Costas Iordanou,1
Georgios Smaragdakis,1
Nikolaos Laoutaris,1
Kai Wang,1
Hadi Abdullah,1
Aditya Karlekar,1
Saurabh Prasad,1
Muhammad Sajidur Rahman,1
Logan Blue,1
Luke A. Bauer,1
Siyuan Cheng,1
Xiangzhe Xu,1
Shiwei Feng,1
Kaiyuan Zhang,1
Akul Goyal,1
Xueyuan Han,1
Shiming Wang,1
Zhe Ji,1
Liyao Xiang,1
Hao Zhang,1
Xinbing Wang,1
Chenghu Zhou,1
Hui Xia,1
Rui Zhang,1
Zi Kang,1
Shuliang Jiang,1
Shuo Xu,1
Xuancun Lu,1
Zihan Zeng,1
Chengkun Wei,1
Wenlong Meng,1
Minghu Zhao,1
Wenjing Fang,1
Lei Wang,1
Zihui Zhang,1
Wenzhi Chen,1
Yuqi Qing,1
Qilei Yin,1
Yihao Chen,1
Qi Pang,1
Guy Amit,1
Moshe Levy,1
Hongsheng Hu,1
Jiamin Chang,1
Haonan Zhong,1
Shuang Hao,1
Ge Ren,1
Gaolei Li,1
Shenghong Li,1
Libo Chen,1
Jan König,1
Christian Kanzow,1
Wenjun Zhu,1
Yuan Sun,1
Jiani Liu,1
Kavita Kumari,1
Chang Liu,1
Xi Yang,1
Weiming Zhang,1
Nenghai Yu,1
Yimiao Zeng,1
Hanqing Hu,1
Xiaofan Bai,1
Andrey Labunets,1
Tadayoshi Kohno,1
Earlence Fernandes,1
Daniela Lopes,1
Jin-Dong Dong,1
Pedro Medeiros,1
Daniel Castro,1
Diogo Barradas,1
Bernardo Portela,1
João Vinagre,1
Bernardo Ferreira,1
Nicolas Christin,1
Nuno Santos,1
Yue Xiao,1
Yi He,1
Bang Wu,1
He Zhang,1
Xiangwen Yang,1
Shirui Pan,1
Neo Eyal,1
Changjiang Li,1
Chunpeng Ge,1
Sri Hrushikesh Varma Bhupathiraju,1
Michael Clifford,1
Takeshi Sugawara,1
Sara Rampazzi,1
Yi Liu,1
Kailong Wang,1
Ying Zhang,1
Zefeng Li,1
Haoyu Wang,1
Yang Liu,1
Guangke Chen,1
Yedi Zhang,1
Fu Song,1
Peizhuo Lv,1
Pan Li,1
Shenchen Zhu,1
Ruigang Liang,1
Chang Yue,1
Fan Xiang,1
Yuling Cai,1
Hualong Ma,1
Yingjun Zhang,1
Hengzhi Pei,1
Dawn Song,1
Ayomide Akinsanya,1
Tegan Brennan,1
Zhihao Wu,1
Shibo Zhang,1
